200,5,0.0007923171262184109,0.0019901412721764493,0.1,False,True,44.85410523414612,0.6180000305175781,0.001999974250793457
200,4,0.000243621416592437,0.0035438718444286807,0.4,False,True,37.29517841339111,0.6365000307559967,0.01449999213218689
200,5,0.0004659184406576464,0.0025613803222621274,0.5,False,True,45.26553201675415,0.5635000169277191,0.0104999840259552
200,2,0.0013180217969212828,0.003890517261224945,0.4,False,True,20.87082839012146,0.648000031709671,0.02400001883506775
200,4,0.0003825586454718206,0.0013908568166848604,0.4,False,True,37.25110101699829,0.6225000321865082,0.0004999935626983643
200,5,0.0006234336284703316,0.02464968508637471,0.5,False,True,45.20503306388855,0.4870000332593918,0.023000016808509827
200,5,0.004517156020004009,0.08062197085361315,0.1,False,True,44.749022245407104,0.6660000383853912,0.0029999911785125732
200,5,0.0024716962972387356,0.010694905692691426,0.4,False,True,45.079386711120605,0.6895000338554382,0.007499992847442627
200,3,0.0019994986920290063,0.016500992288005376,0.2,False,True,28.599008560180664,0.6675000190734863,0.002499997615814209
200,4,0.017597153781836405,0.010435475318362955,0.5,False,True,36.642338514328,0.6355000138282776,0.002499997615814209
200,5,0.0005408127887710324,0.2366910370978392,0.30000000000000004,False,True,44.95079517364502,0.5400000214576721,0.018000006675720215
200,5,0.0034129365250315812,0.3686700067698292,0.2,False,True,44.67778730392456,0.6205000281333923,0.052500009536743164
200,2,0.005307020873747569,0.045022290018062315,0.30000000000000004,False,True,20.406394958496094,0.6815000474452972,0.003500014543533325
200,3,0.004861806322328161,0.029726556050688264,0.4,False,True,28.598838806152344,0.6835000514984131,0.0065000057220458984
200,5,0.0034876072230876987,0.47497373246791896,0.1,False,True,44.77099800109863,0.6745000183582306,0.027500003576278687
200,5,0.0012814332182606752,0.11471160289185367,0.30000000000000004,False,True,44.861016511917114,0.6855000257492065,0.010500013828277588
200,4,0.005934155162949387,0.017706719507577774,0.5,False,True,36.81290674209595,0.6865000426769257,0.003500014543533325
200,3,0.0019393562032878455,0.07777382082555782,0.2,False,True,28.62612819671631,0.6725000143051147,0.0015000104904174805
200,2,0.0007968677001663706,0.07382083073379284,0.2,False,True,20.565694332122803,0.6740000247955322,0.004999995231628418
200,5,0.006231306892851481,0.09242773582376408,0.5,False,True,44.81281566619873,0.6700000464916229,0.0169999897480011
200,4,0.004385774041151308,0.011841728637055562,0.5,False,True,36.83607625961304,0.6865000426769257,0.0014999806880950928
200,5,0.0017663664583867568,0.06340236500141722,0.1,False,True,44.71747612953186,0.6610000431537628,0.025000005960464478
200,4,0.01613856929072923,0.019717727562325024,0.1,False,True,36.67182421684265,0.6905000507831573,0.0004999935626983643
200,4,0.0006433315201137836,0.4407916971132359,0.30000000000000004,False,True,36.90606617927551,0.6720000207424164,0.025000005960464478
200,2,0.0039386905704057035,0.16113509567826764,0.5,False,True,20.474988222122192,0.7065000534057617,0.007499992847442627
200,3,0.012623732442129299,0.14055088204333244,0.4,False,True,28.566935062408447,0.6730000376701355,0.0009999871253967285
200,5,0.006231520034714603,0.2531014106943096,0.1,False,True,44.807230949401855,0.6890000402927399,0.01299998164176941
200,4,0.015287108005383993,0.0428320519829099,0.2,False,True,36.64329147338867,0.6915000379085541,0.006499975919723511
200,5,0.001546325433294955,0.016518836586406408,0.30000000000000004,False,True,44.81350040435791,0.6600000560283661,0.0020000040531158447
200,3,0.00587051159115386,0.03626035413348214,0.30000000000000004,False,True,28.564982414245605,0.687000036239624,0.003000020980834961
200,5,0.0009607048355244119,0.45723624412980196,0.30000000000000004,False,True,44.88256907463074,0.46900002658367157,0.019999995827674866
200,5,0.008797690824602175,0.29622291824550906,0.1,False,True,44.76065754890442,0.6790000200271606,0.009999990463256836
200,4,0.005949977887792585,0.03530068846155133,0.1,False,True,36.67378544807434,0.6910000145435333,0.0029999911785125732
200,2,0.0012012223412573226,0.010546097857174988,0.4,False,True,20.562639713287354,0.6675000190734863,0.0065000057220458984
200,2,0.0005432792723814451,0.36868494138079577,0.30000000000000004,False,True,20.594594717025757,0.6920000314712524,0.001999974250793457
200,5,0.0005104051056734878,0.47113885305328296,0.4,False,True,44.90435338020325,0.30650001764297485,0.03749999403953552
200,5,0.00417911263192339,0.23140831033902584,0.1,False,True,44.623297452926636,0.6875000298023224,0.006499975919723511
200,2,0.009744972702582622,0.030537904427265686,0.30000000000000004,False,True,20.40406632423401,0.687000036239624,0.003000020980834961
200,3,0.0007639889161312356,0.057271976267434445,0.5,False,True,28.676709175109863,0.6795000433921814,0.010500013828277588
200,5,0.012489365531903553,0.010494401534256112,0.2,False,True,44.64561486244202,0.6855000257492065,0.015500009059906006
200,4,0.0018018192287857335,0.45262702522566517,0.1,False,True,36.52123975753784,0.6780000329017639,0.0040000081062316895
200,4,0.0010941010663791247,0.08497948785217832,0.30000000000000004,False,True,36.525798320770264,0.6870000064373016,0.01600000262260437
200,4,0.005454232700051492,0.07585078369409322,0.5,False,True,36.45856475830078,0.6850000321865082,0.011000007390975952
200,4,0.010689767546563872,0.010618533305706935,0.2,False,True,36.4241898059845,0.6820000410079956,0.0009999871253967285
200,4,0.0005031743971720269,0.13696389884877266,0.5,False,True,36.67300081253052,0.5010000169277191,0.020999997854232788
200,2,0.0011539941458701625,0.022999697586576853,0.4,False,True,20.522690534591675,0.6830000281333923,0.009999990463256836
200,2,0.0057951432313097335,0.025221388971306543,0.5,False,True,20.2828049659729,0.6850000321865082,0.014000028371810913
200,2,0.004263214163244768,0.03182668547282921,0.4,False,True,20.307204484939575,0.682500034570694,0.009499996900558472
200,5,0.005439323766614468,0.08825518335895917,0.4,False,True,44.440144062042236,0.6910000145435333,0.0029999911785125732
200,3,0.012089196341044139,0.0430742419392515,0.5,False,True,28.43243432044983,0.6885000169277191,0.0004999935626983643
200,3,0.014626164665248086,0.1527642240923048,0.4,False,True,28.405085563659668,0.6785000562667847,0.002499997615814209
200,2,0.0020855077050374506,0.3689571354816469,0.30000000000000004,False,True,20.305418968200684,0.6905000507831573,0.0004999935626983643
200,5,0.0011836571713864973,0.46095158850869217,0.5,False,True,44.47794771194458,0.3385000079870224,0.021500006318092346
200,5,0.005562444429875074,0.016156620688892852,0.5,False,True,44.516093254089355,0.6455000340938568,0.0014999806880950928
200,3,0.016284378930434298,0.05284836347827124,0.2,False,True,28.336015939712524,0.6920000314712524,0.004999995231628418
200,5,0.011548474509056317,0.1741209660826038,0.4,False,True,44.33932685852051,0.6220000386238098,0.018000006675720215
200,3,0.0009150385253526465,0.323250530323062,0.2,False,True,28.42050337791443,0.6695000529289246,0.016499996185302734
200,5,0.003663569029221684,0.23605156401714614,0.5,False,True,44.40299201011658,0.42000003159046173,0.04500000178813934
200,5,0.0006171820441968339,0.2785696593965094,0.1,False,True,44.60040736198425,0.6495000123977661,0.0015000104904174805
200,2,0.0013856892284549523,0.07392843941053458,0.2,False,True,20.300124406814575,0.6625000238418579,0.0015000104904174805
200,5,0.0012960916607185297,0.16885990359503444,0.1,False,True,44.41866087913513,0.6625000536441803,0.0004999935626983643
200,3,0.01769023497425997,0.01681267473026205,0.4,False,True,28.760509729385376,0.7015000283718109,0.008500009775161743
200,5,0.0005225872550151469,0.4069746992429357,0.5,False,True,44.60150623321533,0.27500002086162567,0.05400000512599945
200,4,0.004106528445538852,0.016440273545010067,0.4,False,True,36.380688428878784,0.6920000314712524,0.008000016212463379
200,4,0.001854163222635548,0.194285966782824,0.5,False,True,36.49800419807434,0.6495000422000885,0.02250000834465027
200,3,0.017383258936145007,0.33371137406207746,0.30000000000000004,False,True,28.340517282485962,0.6520000398159027,0.01600000262260437
200,4,0.0041936499137229175,0.021609584304696013,0.4,False,True,36.553913593292236,0.6940000355243683,0.003999978303909302
200,3,0.018327137573653618,0.02468448219716458,0.2,False,True,28.529831647872925,0.6805000305175781,0.00550001859664917
200,3,0.004002188834187934,0.04786044848311992,0.5,False,True,28.367634057998657,0.6965000331401825,0.007500022649765015
200,4,0.0033085758447332866,0.03884822520267402,0.5,False,True,36.531859397888184,0.7110000252723694,0.004999995231628418
200,5,0.006354566022415104,0.07444985985446949,0.1,False,True,44.38982176780701,0.6845000386238098,0.011500000953674316
200,2,0.0037868143093086593,0.3921812414798543,0.2,False,True,20.388586282730103,0.6810000538825989,0.013999998569488525
200,2,0.0109300782688948,0.44207026884882994,0.5,False,True,20.42571711540222,0.6765000224113464,0.019500017166137695
200,5,0.002916729007746008,0.09733561130821251,0.5,False,True,44.56312441825867,0.6760000288486481,0.034000009298324585
200,5,0.006784518665939677,0.04627029425646608,0.1,False,True,44.444724798202515,0.6755000352859497,0.013499975204467773
200,3,0.0006530135929069996,0.1103087723534844,0.2,False,True,28.420655488967896,0.6880000233650208,0.0009999871253967285
200,2,0.008427675785419437,0.023093747625756368,0.2,False,True,20.31556010246277,0.675000011920929,0.0040000081062316895
200,3,0.017177445021399538,0.04387769286035302,0.5,False,True,28.361549139022827,0.6930000185966492,0.009999990463256836
200,5,0.004490617038751445,0.3886905150626303,0.4,False,True,44.60304236412048,0.3475000262260437,0.016499996185302734
200,4,0.000698442535784205,0.03810963626122671,0.30000000000000004,False,True,36.99564790725708,0.6765000522136688,0.01449999213218689
200,5,0.008613331287024741,0.1395006796908676,0.1,False,True,44.735087871551514,0.671500027179718,0.00550001859664917
200,2,0.001276742929455753,0.015311628654773438,0.2,False,True,20.720060110092163,0.667000025510788,0.0010000169277191162
200,2,0.009713380249896594,0.1211159498502643,0.1,False,True,20.443512678146362,0.6790000200271606,0.004999995231628418
200,2,0.008709808957681508,0.145467206346029,0.1,False,True,20.416252851486206,0.6865000128746033,0.011500000953674316
200,3,0.0072089186045148,0.1789703277321732,0.1,False,True,28.658353567123413,0.6960000395774841,0.009000003337860107
200,4,0.005949756922588081,0.04216176657757794,0.2,False,True,36.68255090713501,0.6695000231266022,0.003500014543533325
200,5,0.01746310188191438,0.2526121615495915,0.1,False,True,44.696298599243164,0.6450000405311584,0.02399998903274536
200,3,0.0008759170936820564,0.1475969527287771,0.30000000000000004,False,True,28.768670320510864,0.7075000405311584,0.016499996185302734
200,3,0.0037783338246202137,0.013375883538293443,0.5,False,True,28.89802837371826,0.7000000178813934,0.01199999451637268
200,3,0.010394871812186773,0.03324302092251813,0.1,False,True,28.72860550880432,0.682500034570694,0.01449999213218689
200,5,0.008980698898925636,0.1988699973134047,0.5,False,True,44.896620750427246,0.6235000193119049,0.009499996900558472
200,3,0.0016951124479342742,0.4810004456851181,0.5,False,True,28.830386638641357,0.5925000309944153,0.08050000667572021
200,2,0.0017985709656695894,0.39305029707221667,0.30000000000000004,False,True,20.653842449188232,0.7035000324249268,0.004499971866607666
200,3,0.0010548257146189175,0.03272334340276975,0.1,False,True,28.907087326049805,0.6585000455379486,0.009499996900558472
200,3,0.0012737035262989035,0.010778142786588734,0.1,False,True,28.8423011302948,0.6595000326633453,0.009499996900558472
200,5,0.01664926621609601,0.03275225687604515,0.5,False,True,44.962902545928955,0.6105000376701355,0.00550001859664917
200,5,0.01465882479232762,0.3564603439870115,0.1,False,True,44.91065740585327,0.5720000267028809,0.06199997663497925
200,4,0.00774843558190423,0.03278416302032279,0.2,False,True,36.901710510253906,0.6525000333786011,0.008499979972839355
200,5,0.0063984039289884,0.019642835766265958,0.5,False,True,45.070199489593506,0.6445000469684601,0.005499988794326782
200,3,0.001997479850591115,0.021986415272206596,0.4,False,True,28.74524235725403,0.7030000388622284,0.0020000040531158447
200,5,0.007313568342583842,0.10165123113558806,0.30000000000000004,False,True,44.85141134262085,0.6675000488758087,0.008500009775161743
200,3,0.004350527569902829,0.36647163583564196,0.1,False,True,28.760676622390747,0.6550000309944153,0.009000003337860107
200,3,0.009874041116959723,0.0627387791280513,0.30000000000000004,False,True,28.905445337295532,0.7005000412464142,0.009499996900558472
200,5,0.008078066185260292,0.12560052062565305,0.30000000000000004,False,True,45.037121057510376,0.6890000402927399,0.007999986410140991
200,5,0.0006451478174980749,0.29351211008052597,0.30000000000000004,False,True,45.082274198532104,0.5130000114440918,0.03799998760223389
200,5,0.003938082533372226,0.25596890691630997,0.5,False,True,44.85917520523071,0.35450001060962677,0.014500007033348083
200,3,0.0011493262683305605,0.05246345549289467,0.2,False,True,28.896694898605347,0.679500013589859,0.0004999935626983643
200,5,0.0019980175794189923,0.05172994344248513,0.4,False,True,45.11902213096619,0.7020000219345093,0.009000003337860107
200,2,0.0007981183638191507,0.28115842376641526,0.30000000000000004,False,True,20.902366876602173,0.6815000176429749,0.012499988079071045
200,3,0.010655002877534877,0.04186512743285897,0.4,False,True,28.846997261047363,0.6780000329017639,0.001999974250793457
200,4,0.0018432197282288705,0.01084715713761819,0.4,False,True,37.129491567611694,0.6730000078678131,0.0020000040531158447
200,5,0.01450710866452264,0.06509070892523242,0.5,False,True,45.04460859298706,0.6155000329017639,0.012499988079071045
200,5,0.0005627826133037281,0.23515355064795682,0.30000000000000004,False,True,45.1361985206604,0.5635000467300415,0.007499992847442627
200,2,0.0005982246177289439,0.029067101796014558,0.4,False,True,20.848915815353394,0.6705000400543213,0.021499991416931152
200,4,0.0010064829527252081,0.013639287738905364,0.1,False,True,36.93444037437439,0.6430000364780426,0.003999978303909302
200,4,0.01495886307797646,0.022672454492516706,0.5,False,True,36.829200744628906,0.6685000360012054,0.026500016450881958
200,3,0.0015054128770446268,0.09463584853453753,0.1,False,True,28.48067879676819,0.6680000424385071,0.009999990463256836
200,2,0.006479729190609264,0.036385700296173364,0.2,False,True,20.515009880065918,0.6615000069141388,0.004500001668930054
200,5,0.009235498281441564,0.012387813847102296,0.1,False,True,44.60586667060852,0.6885000467300415,0.012499988079071045
200,3,0.0008666916382576213,0.20130156369148974,0.30000000000000004,False,True,28.612029314041138,0.6960000097751617,0.01600000262260437
200,4,0.019480848763587227,0.03617991612335786,0.30000000000000004,False,True,36.49035620689392,0.690500020980835,0.007499992847442627
200,3,0.0036092755066354965,0.08868133806458169,0.4,False,True,28.560168743133545,0.6915000379085541,0.007500022649765015
200,2,0.0013720754728471511,0.01405103259876879,0.4,False,True,20.57336926460266,0.6655000150203705,0.009499996900558472
200,3,0.003250524451665727,0.05117822114860346,0.4,False,True,28.51983952522278,0.6970000267028809,0.004999995231628418
200,3,0.008049305750417441,0.011174012813638926,0.1,False,True,28.657961130142212,0.7020000517368317,0.01199999451637268
200,3,0.00957044219224187,0.05707538038991156,0.5,False,True,28.622898817062378,0.6915000081062317,0.002499997615814209
200,2,0.005259560958382221,0.13159356006140804,0.1,False,True,20.559163331985474,0.6925000548362732,0.0065000057220458984
200,3,0.014205407752133215,0.402978558168352,0.5,False,True,28.44554829597473,0.47350001335144043,0.025499999523162842
200,3,0.015632365365893193,0.03584746731031027,0.5,False,True,28.548832893371582,0.70250004529953,0.0015000104904174805
200,3,0.0006045991075856732,0.18691687365974438,0.5,False,True,28.661693334579468,0.6770000457763672,0.008000016212463379
200,2,0.001772346944412164,0.16601668558388474,0.5,False,True,20.395623207092285,0.6905000507831573,0.004500001668930054
200,5,0.017881305360063757,0.08312453979056895,0.2,False,True,44.41449570655823,0.6680000424385071,0.009000003337860107
200,5,0.01427633725887637,0.3466682822368501,0.1,False,True,44.431713819503784,0.6525000333786011,0.013499975204467773
200,4,0.0027338729328675133,0.012371690869387535,0.4,False,True,36.52703332901001,0.6925000250339508,0.004500001668930054
200,5,0.014561257092421271,0.1514667383025682,0.2,False,True,44.537259340286255,0.6680000424385071,0.017000019550323486
200,5,0.0016035414636063016,0.11624733118716687,0.1,False,True,44.3682541847229,0.6820000410079956,0.022000014781951904
200,3,0.001989161214041189,0.03359823659249257,0.1,False,True,28.539531469345093,0.6685000061988831,0.002499997615814209
200,3,0.0010696785090690518,0.3464607788583311,0.30000000000000004,False,True,28.612403869628906,0.6665000319480896,0.002499997615814209
200,4,0.0028037128390188105,0.19061540870299226,0.5,False,True,36.471343994140625,0.6735000312328339,0.0014999806880950928
200,2,0.0014095564237715855,0.1881529542944363,0.4,False,True,20.366329431533813,0.6905000507831573,0.005499988794326782
200,3,0.001582615948011464,0.47343578038113676,0.5,False,True,28.448731899261475,0.5750000327825546,0.08400000631809235
200,2,0.005793904708844299,0.40208523839645277,0.30000000000000004,False,True,20.33414387702942,0.6900000274181366,0.0020000040531158447
200,5,0.0009501368771051447,0.01428029241232707,0.30000000000000004,False,True,44.57372546195984,0.6525000333786011,0.03549998998641968
200,5,0.0009824120090017269,0.06420648269028331,0.1,False,True,44.51315379142761,0.643500030040741,0.016499996185302734
200,3,0.005394102198358235,0.4288915187635679,0.5,False,True,28.354090690612793,0.5730000138282776,0.08399999141693115
200,3,0.0005571461051108254,0.043482054397934615,0.4,False,True,28.51097536087036,0.6915000081062317,0.011500000953674316
200,3,0.0021752195236743287,0.05366176864421353,0.30000000000000004,False,True,28.28963804244995,0.6785000264644623,0.0014999806880950928
200,3,0.011929146578559709,0.01900578514230597,0.5,False,True,28.352868795394897,0.7010000348091125,0.013999998569488525
200,4,0.0072568604428678045,0.06660799593688235,0.30000000000000004,False,True,36.221267223358154,0.7000000178813934,0.006000012159347534
200,2,0.0010527947691849843,0.06306851175442005,0.4,False,True,20.443156242370605,0.675000011920929,0.013999998569488525
200,4,0.00492789719941548,0.014615147358121458,0.4,False,True,36.57469367980957,0.687000036239624,0.010999977588653564
200,5,0.0035480225034105013,0.03087979501584351,0.4,False,True,44.44803762435913,0.6970000267028809,0.0040000081062316895
200,3,0.01794477627441897,0.08630566645694415,0.2,False,True,28.440418243408203,0.6935000419616699,0.0015000104904174805
200,5,0.001979071736136285,0.4950145963739179,0.4,False,True,44.461963415145874,0.3800000250339508,0.02799999713897705
200,5,0.0007658362680428383,0.04802271317929311,0.2,False,True,44.567896366119385,0.6830000281333923,0.014999985694885254
200,3,0.005524219370241846,0.14791280554634204,0.2,False,True,28.317488431930542,0.6780000329017639,0.0
200,2,0.008836250045567805,0.10547801930926765,0.2,False,True,20.374440670013428,0.6620000302791595,0.00899997353553772
200,5,0.003002239305995946,0.05611617616742891,0.4,False,True,44.515811920166016,0.6960000395774841,0.0009999871253967285
200,5,0.0029078005147008365,0.15055564853870965,0.2,False,True,44.39479947090149,0.6625000238418579,0.0015000104904174805
200,2,0.01353829051086355,0.23632351334017704,0.5,False,True,20.36675190925598,0.6860000193119049,0.007999986410140991
200,5,0.004848599001687028,0.2531872662755811,0.30000000000000004,False,True,44.42547941207886,0.6610000133514404,0.018000006675720215
200,5,0.01625100766281593,0.024647741235575674,0.30000000000000004,False,True,44.380431175231934,0.6895000338554382,0.0015000104904174805
200,4,0.0036897283072113377,0.054750212934931944,0.4,False,True,36.38069295883179,0.7030000388622284,0.006999999284744263
200,3,0.0017372239201155298,0.09473542126329462,0.1,False,True,28.306814908981323,0.6755000352859497,0.015500009059906006
200,4,0.003952130625553606,0.02177555772063441,0.5,False,True,36.35116982460022,0.6955000162124634,0.0015000104904174805
200,5,0.010067520822845932,0.2216697729798699,0.2,False,True,44.32239055633545,0.6765000224113464,0.0065000057220458984
200,4,0.005075011775159616,0.40632451043668943,0.5,False,True,36.24178910255432,0.3700000196695328,0.012999996542930603
200,2,0.0024332621650708804,0.0803413342660341,0.2,False,True,20.29375696182251,0.6855000257492065,0.0015000104904174805
200,3,0.0048940695240339465,0.055586795513280905,0.30000000000000004,False,True,28.26979422569275,0.6855000555515289,0.0004999935626983643
200,4,0.001545064865781508,0.06970454833053472,0.4,False,True,36.50178790092468,0.6950000524520874,0.009000003337860107
200,2,0.0017142736853027205,0.018388381915397687,0.4,False,True,20.314770221710205,0.6720000505447388,0.004999995231628418
200,2,0.013130568065560854,0.011064080654684274,0.5,False,True,20.292974948883057,0.6935000121593475,0.004500001668930054
200,4,0.0006856333884004369,0.011658673974411974,0.4,False,True,36.56587624549866,0.6445000469684601,0.005499988794326782
200,2,0.008100664520640045,0.013737705170999131,0.5,False,True,20.301349878311157,0.6685000360012054,0.016500025987625122
200,3,0.0036720285503701816,0.01258386191929341,0.5,False,True,28.373948574066162,0.6895000338554382,0.021499991416931152
200,4,0.009980607698980707,0.45535977881146916,0.1,False,True,36.304431200027466,0.6755000352859497,0.000500023365020752
200,4,0.008206487421076785,0.01093433896556213,0.30000000000000004,False,True,36.30751967430115,0.6975000202655792,0.008500009775161743
200,5,0.0031221397866687665,0.028417774611668948,0.30000000000000004,False,True,44.307857036590576,0.6815000176429749,0.010500013828277588
200,5,0.00122431945658042,0.030476507486665545,0.2,False,True,44.38932180404663,0.667000025510788,0.01299998164176941
200,4,0.014534965983666723,0.32828615948365425,0.4,False,True,36.31174182891846,0.4530000239610672,0.019999995827674866
200,4,0.0030389482474728518,0.030066239796859795,0.30000000000000004,False,True,36.388208627700806,0.6775000393390656,0.012500017881393433
200,2,0.0005964097679448023,0.15548490540444512,0.30000000000000004,False,True,20.419238090515137,0.6845000088214874,0.013500005006790161
200,2,0.011103072924383395,0.04054456249925622,0.30000000000000004,False,True,20.182464361190796,0.667000025510788,0.003999978303909302
200,5,0.00442812883516066,0.04264104102343902,0.5,False,True,44.353819847106934,0.6735000312328339,0.003500014543533325
200,5,0.0005020761434258205,0.03170041532999307,0.30000000000000004,False,True,44.53499412536621,0.6550000309944153,0.0
200,5,0.0030317895435208577,0.19638534700614257,0.1,False,True,44.30627417564392,0.6680000126361847,0.0029999911785125732
200,4,0.002561362037741325,0.05071452183109413,0.2,False,True,36.46623921394348,0.6775000393390656,0.005499988794326782
200,2,0.008059087535459792,0.01128213403498352,0.30000000000000004,False,True,20.483697652816772,0.6755000352859497,0.0065000057220458984
200,3,0.001459566914891343,0.11831800195358087,0.4,False,True,28.471107244491577,0.6920000314712524,0.015999972820281982
200,4,0.012265528348683497,0.03762812169834632,0.5,False,True,36.39479446411133,0.659000039100647,0.018000006675720215
200,5,0.0005991156589144138,0.015149403802787786,0.5,False,True,44.5051429271698,0.5480000078678131,0.006999999284744263
200,3,0.0014662974049678027,0.013761780325658633,0.30000000000000004,False,True,28.196012496948242,0.6655000448226929,0.0065000057220458984
200,4,0.0027036817147056535,0.3971875150492862,0.2,False,True,36.110445499420166,0.6735000312328339,0.01750001311302185
200,3,0.0014859020261388048,0.011218202867263894,0.2,False,True,28.21097755432129,0.6640000343322754,0.0009999871253967285
200,5,0.0007467967294082522,0.15916197147037073,0.30000000000000004,False,True,44.342793226242065,0.6570000350475311,0.025999993085861206
200,4,0.012276141723768138,0.03040999474113391,0.1,False,True,36.143911600112915,0.6940000355243683,0.006000012159347534
200,4,0.0034340170709315685,0.04813940136355374,0.2,False,True,36.11819362640381,0.6880000233650208,0.008000016212463379
200,3,0.0033292974903085136,0.18176930304170827,0.5,False,True,28.115351915359497,0.6970000267028809,0.003000020980834961
200,5,0.0007286321062443539,0.10380590584132189,0.4,False,True,44.3987193107605,0.6555000245571136,0.04150000214576721
200,2,0.0005284449253899274,0.48851017202498215,0.30000000000000004,False,True,20.343901872634888,0.6970000565052032,0.0020000040531158447
200,4,0.007063695869066714,0.03737512873608183,0.5,False,True,36.15651559829712,0.6940000355243683,0.006000012159347534
200,3,0.004048489542062291,0.06512111550288179,0.5,False,True,28.05257511138916,0.690500020980835,0.007499992847442627
200,2,0.0015870755024699759,0.2556336281034783,0.1,False,True,20.28906273841858,0.679500013589859,0.013500005006790161
200,4,0.009659215180170997,0.336579715058386,0.30000000000000004,False,True,36.13182830810547,0.6345000267028809,0.000500023365020752
200,3,0.0012377901065471417,0.27507625052709306,0.5,False,True,28.27557635307312,0.6880000233650208,0.014999985694885254
200,5,0.0018670663587476751,0.4849531894002216,0.2,False,True,44.085392236709595,0.5290000140666962,0.03999999165534973
200,3,0.0030039639252047758,0.012354423271269885,0.5,False,True,28.207279682159424,0.7050000429153442,0.0009999871253967285
200,5,0.000721585364624408,0.195327544299313,0.2,False,True,44.323668479919434,0.6690000295639038,0.03700000047683716
200,2,0.003908279009467527,0.07222446695258239,0.2,False,True,20.14943766593933,0.6730000376701355,0.010999977588653564
200,5,0.004068262908877963,0.32284932608092703,0.5,False,True,44.05151319503784,0.3345000147819519,0.0015000104904174805
200,4,0.004061268302129943,0.468017273708508,0.1,False,True,36.14684510231018,0.6595000326633453,0.0025000274181365967
200,4,0.0010972807438202035,0.24155953065488586,0.30000000000000004,False,True,36.32174301147461,0.6780000329017639,0.013999998569488525
200,5,0.00242795363716426,0.11432593352923621,0.30000000000000004,False,True,44.15188717842102,0.6935000419616699,0.011500000953674316
200,5,0.0013802278242339456,0.2507794876585343,0.5,False,True,44.19221377372742,0.3920000195503235,0.0559999942779541
200,4,0.006271510189961076,0.03179043901070015,0.1,False,True,36.107263803482056,0.6785000562667847,0.002499997615814209
200,4,0.0010946309145683578,0.19677895732493794,0.30000000000000004,False,True,36.26190114021301,0.6980000436306,0.0010000169277191162
200,4,0.0016809665925809469,0.024275371584135,0.4,False,True,36.27506136894226,0.6840000450611115,0.0029999911785125732
200,3,0.001468315609823631,0.04857520004389814,0.30000000000000004,False,True,28.289981842041016,0.6865000426769257,0.004500001668930054
200,4,0.0017187909365016744,0.21059489891859978,0.4,False,True,36.26911759376526,0.6650000214576721,0.013000011444091797
200,3,0.0007394609933760363,0.013321257979537067,0.1,False,True,28.293036460876465,0.6475000083446503,0.009499996900558472
200,3,0.0005242425112612947,0.03279882597946933,0.1,False,True,28.28413486480713,0.6610000133514404,0.009999990463256836
200,5,0.003431628507660222,0.0964112262447061,0.2,False,True,44.108070373535156,0.6910000145435333,0.006999999284744263
200,5,0.007953147308931015,0.011187651893014494,0.5,False,True,44.16411352157593,0.6395000219345093,0.011500000953674316
200,2,0.005491185443134665,0.09938651332921135,0.5,False,True,20.237610816955566,0.7000000476837158,0.0009999871253967285
200,5,0.007850521819444074,0.08868647657670269,0.4,False,True,44.12817931175232,0.6830000281333923,0.013999998569488525
200,5,0.009772020881170905,0.07378126934714904,0.4,False,True,44.11763668060303,0.6685000360012054,0.02150002121925354
200,5,0.003431458688665835,0.37912807540583593,0.2,False,True,44.10527014732361,0.6655000448226929,0.0015000104904174805
200,2,0.0006273408640028441,0.0253161653174931,0.4,False,True,20.351855278015137,0.6720000207424164,0.006000012159347534
200,3,0.0036353805084942264,0.017296236428962348,0.4,False,True,28.17330813407898,0.6910000443458557,0.008000016212463379
200,2,0.0016755051721103855,0.08098063822562704,0.1,False,True,20.2727210521698,0.6930000185966492,0.018000006675720215
200,3,0.0019179151966744164,0.030597884854171524,0.4,False,True,28.208388805389404,0.6895000338554382,0.000500023365020752
200,4,0.01798603939992459,0.06469759194723712,0.5,False,True,36.03636813163757,0.6625000536441803,0.027500003576278687
200,2,0.0006282260605315166,0.027356188161588784,0.30000000000000004,False,True,20.23287034034729,0.671500027179718,0.007499992847442627
200,5,0.004142717360412653,0.24843359368295934,0.4,False,True,44.16886043548584,0.609000027179718,0.0009999871253967285
200,2,0.0036315447245100912,0.010866673798649402,0.5,False,True,20.138967990875244,0.6810000538825989,0.0040000081062316895
200,2,0.014676805302911449,0.060946501846695825,0.2,False,True,20.225963354110718,0.6600000262260437,0.013000011444091797
200,4,0.0006461124850699044,0.025770360745702235,0.5,False,True,36.2395977973938,0.5710000395774841,0.050999999046325684
200,4,0.011288255796322744,0.0382442535177261,0.30000000000000004,False,True,36.12960743904114,0.6860000491142273,0.009999990463256836
200,2,0.003948931678052826,0.24755453528808757,0.4,False,True,20.214137315750122,0.6940000355243683,0.0029999911785125732
200,2,0.0005913193767756903,0.10079484630004534,0.2,False,True,20.27163863182068,0.6840000450611115,0.0010000169277191162
200,4,0.013871923263979945,0.3235082773017857,0.30000000000000004,False,True,36.0660502910614,0.656000018119812,0.0040000081062316895
200,4,0.001064822418965578,0.31324805367565295,0.30000000000000004,False,True,36.18715739250183,0.6815000176429749,0.002499997615814209
200,4,0.003779108879551187,0.13787350575717047,0.1,False,True,36.098665952682495,0.6950000524520874,0.004999995231628418
200,3,0.0158766205130501,0.026046969172841272,0.30000000000000004,False,True,28.11085343360901,0.6985000371932983,0.010500013828277588
200,5,0.0015659769994823,0.06235636712145309,0.4,False,True,44.25694227218628,0.6735000312328339,0.005499988794326782
200,5,0.011807850744300668,0.16966032477240858,0.4,False,True,44.090065479278564,0.6490000188350677,0.0169999897480011
200,5,0.0005658427151516677,0.22658317509884668,0.30000000000000004,False,True,44.36717677116394,0.5590000301599503,0.0820000022649765
200,5,0.0016540266387601126,0.14302995000139432,0.4,False,True,44.267470359802246,0.6860000193119049,0.025999993085861206
200,2,0.0007964760491710653,0.03296001285609143,0.4,False,True,20.131988763809204,0.6685000360012054,0.006499975919723511
200,3,0.0005071795776796195,0.02818405485362304,0.30000000000000004,False,True,28.307767152786255,0.6785000264644623,0.008500009775161743
200,4,0.012954026966572779,0.21086919273103508,0.2,False,True,36.12576365470886,0.7050000131130219,0.0029999911785125732
200,2,0.0016906869378838511,0.44171016503907146,0.30000000000000004,False,True,20.254045486450195,0.695000022649765,0.0029999911785125732
200,3,0.0017503009487700545,0.18690973218876047,0.5,False,True,28.273571014404297,0.6875000298023224,0.0104999840259552
200,4,0.0025601722986823643,0.06649559873635515,0.1,False,True,36.11833667755127,0.6780000329017639,0.0059999823570251465
200,4,0.004143967884196117,0.24612151371407215,0.5,False,True,36.15945291519165,0.5680000185966492,0.0040000081062316895
200,2,0.000520594479854599,0.034973116422686454,0.1,False,True,20.266011714935303,0.6540000438690186,0.014999985694885254
200,4,0.016370903014414958,0.04991213245075258,0.4,False,True,36.142712354660034,0.6780000329017639,0.009000003337860107
200,4,0.0005563243320970028,0.07391841445519749,0.30000000000000004,False,True,36.29607582092285,0.6915000379085541,0.0014999806880950928
200,2,0.001736028822440961,0.033757136009245355,0.5,False,True,20.220040321350098,0.6765000224113464,0.010500013828277588
200,4,0.012517214351125823,0.1590854928007053,0.30000000000000004,False,True,36.1435706615448,0.675000011920929,0.009000003337860107
200,4,0.013939570184885692,0.015909852646456012,0.5,False,True,36.20148229598999,0.632500022649765,0.01750001311302185
200,4,0.003573315791135671,0.16466236005096824,0.4,False,True,36.21906065940857,0.6865000426769257,0.0104999840259552
200,3,0.0011872032729157548,0.021420582353431476,0.5,False,True,28.28433322906494,0.6875000596046448,0.011500000953674316
200,3,0.000583821832670289,0.0912990576038274,0.1,False,True,28.33424687385559,0.6580000221729279,0.0029999911785125732
200,2,0.013185650061973985,0.40689457631717846,0.1,False,True,20.173142671585083,0.6930000185966492,0.004999995231628418
200,2,0.0016684978557925572,0.19865467692666902,0.1,False,True,20.188162565231323,0.6795000433921814,0.002499997615814209
200,2,0.0009256233335038735,0.30590694277074,0.2,False,True,20.25380539894104,0.6910000443458557,0.013999998569488525
200,2,0.008290769524679309,0.06409160491475661,0.4,False,True,20.16888427734375,0.70250004529953,0.002499997615814209
200,2,0.003794731869132768,0.057324161299235565,0.2,False,True,20.043519973754883,0.6730000376701355,0.008000016212463379
200,5,0.005760730128344206,0.2667693069338121,0.1,False,True,44.116512298583984,0.6630000472068787,0.018999993801116943
200,4,0.0017681352602840522,0.03193288097490736,0.30000000000000004,False,True,36.17450547218323,0.6840000450611115,0.006999999284744263
200,4,0.008573643687363951,0.06391728940916538,0.30000000000000004,False,True,36.12001919746399,0.6850000321865082,0.0020000040531158447
200,4,0.005510972804267893,0.35179481987513356,0.2,False,True,36.223809242248535,0.6895000338554382,0.017499983310699463
200,3,0.0006080155702602447,0.0312528621215459,0.1,False,True,28.222665786743164,0.6695000529289246,0.0065000057220458984
200,3,0.005997923133067273,0.07836862598602899,0.5,False,True,28.21156907081604,0.6810000240802765,0.0010000169277191162
200,2,0.0015367400675911737,0.061343017654104944,0.5,False,True,20.27238440513611,0.6955000162124634,0.007499992847442627
200,3,0.005225352153085057,0.3438657639916425,0.1,False,True,28.20261001586914,0.6635000109672546,0.002499997615814209
200,4,0.005381679919033564,0.4496260276404459,0.2,False,True,36.227787256240845,0.6650000214576721,0.013999998569488525
200,3,0.00419925360773372,0.01585242089575272,0.2,False,True,28.171733617782593,0.6645000576972961,0.020500004291534424
200,3,0.004594266081966445,0.30224479913010505,0.30000000000000004,False,True,28.137954473495483,0.6815000474452972,0.01449999213218689
200,2,0.014962862660109108,0.0982419214759611,0.5,False,True,20.20328640937805,0.6875000298023224,0.012500017881393433
200,5,0.012826460726892287,0.08229141078181952,0.2,False,True,44.11326050758362,0.7045000493526459,0.0004999935626983643
200,3,0.007923375991084357,0.02247949513387115,0.4,False,True,28.192609310150146,0.6760000288486481,0.007999986410140991
200,3,0.0056643936267104095,0.3899727099827381,0.2,False,True,28.224300384521484,0.6735000312328339,0.015499979257583618
200,4,0.006331604549835129,0.32221743003476966,0.1,False,True,36.17357301712036,0.6710000336170197,0.0010000169277191162
200,2,0.0006000794143688825,0.4065852654855182,0.5,False,True,20.367690324783325,0.6795000433921814,0.00550001859664917
200,5,0.002163813918158327,0.16390878815373344,0.30000000000000004,False,True,44.24691915512085,0.6995000243186951,0.00550001859664917
200,3,0.013150197396126675,0.014948947100773,0.5,False,True,28.205451250076294,0.6795000433921814,0.010500013828277588
200,4,0.0027627376415959985,0.49948521042321736,0.2,False,True,36.17561888694763,0.6365000307559967,0.003500014543533325
200,3,0.0005570974385927893,0.011023388684436227,0.2,False,True,28.26915431022644,0.6525000333786011,0.013499975204467773
200,4,0.004925707190120972,0.010029006976172797,0.1,False,True,36.08354187011719,0.6960000395774841,0.017000019550323486
200,3,0.002642880346655586,0.15728397551860226,0.4,False,True,28.132758378982544,0.6740000545978546,0.01199999451637268
200,3,0.0022461083596065213,0.18430287401085746,0.4,False,True,28.24055552482605,0.6910000443458557,0.013000011444091797
200,3,0.006759926674696907,0.020478221015860835,0.5,False,True,28.148033142089844,0.6840000450611115,0.0029999911785125732
200,2,0.006447091231256642,0.11355044908482935,0.4,False,True,20.241910219192505,0.6845000386238098,0.002499997615814209
200,4,0.0013296045597799408,0.39233491457964514,0.30000000000000004,False,True,36.29060459136963,0.6665000319480896,0.0065000057220458984
200,3,0.0011258161224402506,0.07849612181140127,0.30000000000000004,False,True,28.258743047714233,0.7010000348091125,0.009999990463256836
200,4,0.013982309030125864,0.01442639492209325,0.1,False,True,36.11963748931885,0.6990000307559967,0.0020000040531158447
200,5,0.0010797444370706064,0.038921192830410754,0.4,False,True,44.330846548080444,0.6525000333786011,0.040499985218048096
200,5,0.0005769609545955563,0.04075210605192973,0.5,False,True,44.45354080200195,0.5670000314712524,0.026000022888183594
200,2,0.008394860650060064,0.015960136379725577,0.1,False,True,20.262426376342773,0.6795000433921814,0.007499992847442627
200,2,0.0005783487397505001,0.32359897879876137,0.30000000000000004,False,True,20.341755867004395,0.6965000331401825,0.0014999806880950928
200,4,0.0007534095395102468,0.012063427992351232,0.5,False,True,36.389936447143555,0.6235000193119049,0.013500005006790161
200,4,0.0010453388939631728,0.03191035026885592,0.30000000000000004,False,True,36.337607622146606,0.6645000278949738,0.004500001668930054
200,2,0.0008842646653477458,0.4050225996985885,0.4,False,True,20.363709688186646,0.6840000450611115,0.006000012159347534
200,4,0.0051097178328442395,0.05882166355935553,0.2,False,True,36.21508002281189,0.6705000400543213,0.011500000953674316
200,4,0.005742778450965821,0.07309857925980567,0.5,False,True,36.265856981277466,0.6880000233650208,0.0
200,2,0.00911481257509088,0.09763974803563408,0.5,False,True,20.264041900634766,0.7045000195503235,0.007499992847442627
200,2,0.0010709484116969822,0.2649227833953972,0.30000000000000004,False,True,20.34206533432007,0.6850000321865082,0.005000025033950806
200,3,0.004796293024551085,0.015832976652325192,0.30000000000000004,False,True,28.210537672042847,0.6920000314712524,0.0009999871253967285
200,2,0.006635668257117599,0.35907587889455017,0.4,False,True,20.304852724075317,0.6845000386238098,0.008499979972839355
200,5,0.0026722390283074006,0.020974687649412398,0.5,False,True,44.42370533943176,0.6495000422000885,0.036500006914138794
200,2,0.002401636150790271,0.10633045920475245,0.1,False,True,20.221125841140747,0.6880000531673431,0.0029999911785125732
200,5,0.004995786261018412,0.11756700001740072,0.5,False,True,44.27417039871216,0.6550000309944153,0.019999980926513672
200,3,0.0012244954828711885,0.11649462343796652,0.2,False,True,28.331388473510742,0.6750000417232513,0.01299998164176941
200,3,0.0037269189020023613,0.03630015365340921,0.2,False,True,28.304383277893066,0.679000049829483,0.0029999911785125732
200,5,0.005295274978760058,0.0216813014607076,0.1,False,True,44.123167991638184,0.6845000386238098,0.000500023365020752
200,4,0.0011387183483540669,0.06598486080275622,0.4,False,True,36.35375142097473,0.7000000178813934,0.011000007390975952
200,3,0.0007130733619180533,0.13974605431552853,0.1,False,True,28.113645792007446,0.6800000369548798,0.0010000169277191162
200,2,0.0017530139041869652,0.25726018768000164,0.2,False,True,20.238064527511597,0.6765000224113464,0.007499992847442627
200,2,0.005917322061909899,0.3306144249980417,0.2,False,True,20.211719274520874,0.6835000514984131,0.002499997615814209
200,3,0.014532735422853181,0.08009909475897216,0.4,False,True,28.253859281539917,0.7040000259876251,0.0010000169277191162
200,4,0.0050664629739583964,0.013493247595301664,0.2,False,True,36.23441433906555,0.6845000386238098,0.0015000104904174805
200,5,0.0011466791760242631,0.29526284750131365,0.5,False,True,44.17440724372864,0.3855000138282776,0.05349999666213989
200,5,0.008306689192072853,0.014454772844638593,0.2,False,True,44.16052222251892,0.6885000169277191,0.008500009775161743
200,5,0.0011488975317672711,0.03943853768606141,0.1,False,True,44.133294343948364,0.6655000150203705,0.01449999213218689
200,5,0.001655777222594555,0.2361289854422717,0.1,False,True,44.24324679374695,0.6725000441074371,0.008500009775161743
200,2,0.0034404755478679933,0.011843069942740703,0.5,False,True,20.309818267822266,0.695000022649765,0.006000012159347534
200,5,0.00159192729655817,0.2150536665007592,0.4,False,True,44.27062678337097,0.4775000214576721,0.052500009536743164
200,2,0.0012953899088452275,0.4707212329089926,0.2,False,True,20.300446271896362,0.6885000467300415,0.015500009059906006
200,4,0.0006574441245301492,0.056647336896552096,0.4,False,True,36.4556987285614,0.6450000405311584,0.018999993801116943
200,4,0.0021102542547820737,0.05094464453335429,0.1,False,True,36.238561153411865,0.6760000288486481,0.006999999284744263
200,2,0.0009306986168722412,0.1923881359102133,0.4,False,True,20.379510402679443,0.7005000412464142,0.0014999806880950928
200,2,0.0010892181937632564,0.010132942468050297,0.5,False,True,20.37950897216797,0.6770000457763672,0.018000006675720215
200,4,0.005199982531123605,0.023256773398971555,0.30000000000000004,False,True,36.22504496574402,0.6950000524520874,0.0040000081062316895
200,4,0.0031758394123654614,0.0600556769569581,0.1,False,True,36.239240646362305,0.6780000329017639,0.010999977588653564
200,4,0.006770340980212003,0.1935139232348807,0.1,False,True,36.151251554489136,0.6830000579357147,0.006999999284744263
200,4,0.00403208529634482,0.2231083718202756,0.2,False,True,36.18176507949829,0.6620000302791595,0.0020000040531158447
200,2,0.013228248107862195,0.17098738635103158,0.5,False,True,20.15770697593689,0.6815000474452972,0.01750001311302185
200,3,0.0011278563375305447,0.12829101011003483,0.5,False,True,28.358938694000244,0.6915000379085541,0.007500022649765015
200,5,0.016937820318992505,0.020187003876086712,0.2,False,True,44.135311126708984,0.6765000522136688,0.01449999213218689
200,4,0.012583867062617604,0.3651058252722901,0.1,False,True,36.13993811607361,0.6785000264644623,0.009499996900558472
200,5,0.00525163735663827,0.038871013752002206,0.4,False,True,44.205567359924316,0.6760000288486481,0.01299998164176941
200,5,0.0005286333878660728,0.3212845279793108,0.5,False,True,44.357173204422,0.3355000168085098,0.02350001037120819
200,3,0.00805068842693471,0.13123975642037497,0.1,False,True,28.145678520202637,0.6860000193119049,0.011000007390975952
200,4,0.0026944482218102107,0.04490549991968787,0.1,False,True,36.231525182724,0.6775000393390656,0.004500001668930054
200,2,0.006093472103665233,0.11005900634024565,0.4,False,True,20.32744073867798,0.6745000183582306,0.013500005006790161
200,2,0.012752533554001595,0.1388649653751894,0.4,False,True,20.268792152404785,0.6855000257492065,0.0034999847412109375
200,5,0.008028471332674663,0.21074310814364122,0.30000000000000004,False,True,44.16104531288147,0.6600000262260437,0.004999995231628418
200,3,0.0008410663526372832,0.2562765290953356,0.2,False,True,28.24498724937439,0.6845000386238098,0.000500023365020752
200,5,0.007052100379139582,0.06055768308467878,0.4,False,True,44.183003664016724,0.6875000298023224,0.016500025987625122
200,2,0.003718413367938217,0.3364660249170342,0.1,False,True,20.247936248779297,0.6875000298023224,0.0014999806880950928
200,5,0.001461446289619967,0.0342441100841034,0.4,False,True,44.50511074066162,0.6690000295639038,0.014999985694885254
200,3,0.0005713594513209833,0.013301201295899632,0.30000000000000004,False,True,28.383852005004883,0.6620000302791595,0.0169999897480011
200,4,0.0030854770659424777,0.08818337382900956,0.4,False,True,36.25487279891968,0.6930000185966492,0.009999990463256836
200,5,0.004186134395171595,0.039343414195823725,0.4,False,True,44.240724086761475,0.6895000338554382,0.008499979972839355
200,2,0.01178057683256476,0.022827635857077616,0.30000000000000004,False,True,20.230623483657837,0.6810000240802765,0.0020000040531158447
200,2,0.008754097883474928,0.21565938105140284,0.4,False,True,20.29732871055603,0.7035000324249268,0.02249997854232788
200,2,0.01193542932938053,0.09610934307161725,0.4,False,True,20.24325466156006,0.6820000410079956,0.018999993801116943
200,5,0.010075522682286932,0.4325830802196704,0.2,False,True,44.22281742095947,0.5090000331401825,0.07500001788139343
200,5,0.0005368250111658594,0.44736962152854765,0.5,False,True,44.307334423065186,0.3450000137090683,0.015000000596046448
200,3,0.002285242533362158,0.04142628155215368,0.1,False,True,28.25123882293701,0.6750000417232513,0.006999999284744263
200,2,0.0019067206164475852,0.09085943722447311,0.5,False,True,20.306912422180176,0.6895000338554382,0.0015000104904174805
200,3,0.006389273746588783,0.20753463178469422,0.2,False,True,28.220425844192505,0.6945000290870667,0.002499997615814209
200,3,0.000534352206427661,0.20185986563588454,0.4,False,True,28.553945302963257,0.6810000240802765,0.010000020265579224
200,2,0.0011915927450367506,0.06957919468288061,0.5,False,True,20.334503889083862,0.6850000321865082,0.0020000040531158447
200,5,0.0025656262232311646,0.1502010088182187,0.30000000000000004,False,True,44.25381135940552,0.6730000376701355,0.0009999871253967285
200,4,0.001392702504737872,0.07268222893905094,0.5,False,True,36.46630811691284,0.6800000369548798,0.02000001072883606
200,5,0.001891401673310825,0.4006570045277067,0.30000000000000004,False,True,44.28002572059631,0.5780000388622284,0.039000004529953
200,4,0.019756118224351464,0.1848914820277453,0.5,False,True,36.22927641868591,0.5920000076293945,0.02799999713897705
200,5,0.004612870551841341,0.202213530734966,0.5,False,True,44.29964232444763,0.6220000386238098,0.02899998426437378
200,3,0.010966992008955881,0.3215100193279538,0.2,False,True,28.291537761688232,0.6700000464916229,0.006999999284744263
200,3,0.006831197518600699,0.2418196937888051,0.1,False,True,28.27788758277893,0.6735000312328339,0.0014999806880950928
200,2,0.0012895701232873546,0.21998153434233053,0.2,False,True,20.28201937675476,0.7020000517368317,0.011000007390975952
200,3,0.01795636113315641,0.2806450085108616,0.2,False,True,28.28299856185913,0.6945000290870667,0.0065000057220458984
200,2,0.0025329425959244416,0.01919554298657477,0.5,False,True,20.411647081375122,0.6935000121593475,0.0004999935626983643
200,3,0.0013794220936779232,0.4555276774211626,0.2,False,True,28.331995487213135,0.6815000474452972,0.013500005006790161
200,5,0.00427108817005605,0.015566121602378198,0.2,False,True,44.163450956344604,0.6945000290870667,0.0065000057220458984
200,5,0.0030697459686247126,0.25319332637989483,0.4,False,True,44.34781527519226,0.5850000381469727,0.06599998474121094
200,5,0.0015804318256240463,0.05919720406098699,0.1,False,True,44.296823024749756,0.6505000293254852,0.020499974489212036
200,4,0.012876863875360453,0.014062042906705223,0.30000000000000004,False,True,36.300893783569336,0.6895000338554382,0.0015000104904174805
200,5,0.007267918981712049,0.04594989991664753,0.1,False,True,44.22566795349121,0.6780000329017639,0.001999974250793457
200,5,0.019801565494616046,0.1461629319546651,0.2,False,True,44.222225189208984,0.6270000338554382,0.023000001907348633
200,3,0.002811371824769024,0.18851287934728211,0.1,False,True,28.315325260162354,0.6840000450611115,0.015000015497207642
200,4,0.0037334783247552857,0.1444664223961074,0.30000000000000004,False,True,36.26132655143738,0.6830000281333923,0.010999977588653564
200,3,0.0006718293677428371,0.08106736337641492,0.5,False,True,28.51850461959839,0.6760000288486481,0.010000020265579224
200,4,0.012295987701613498,0.01863354234975885,0.2,False,True,36.27120232582092,0.6970000267028809,0.009999990463256836
200,4,0.0014181079144487344,0.18554528514228885,0.4,False,True,36.36520504951477,0.6995000541210175,0.009499996900558472
200,2,0.0011387372597728477,0.1990509405579056,0.2,False,True,20.341245651245117,0.6995000541210175,0.0004999935626983643
200,2,0.005851193728550495,0.09343176057493591,0.5,False,True,20.25994038581848,0.6890000402927399,0.0010000169277191162
300,3,0.0006,0.12,0.2,False,True,3723.191182613373,0.6760999977588653,0.01189495610363536
300,3,0.0006,0.12,0.25,False,True,3690.9967346191406,0.6815999925136567,0.009991999031789404
300,3,0.0006,0.12,0.30000000000000004,False,True,3673.162302017212,0.6900999903678894,0.013471830002966938
300,3,0.0006,0.12,0.35000000000000003,False,True,3656.7985560894012,0.6826000034809112,0.01603870146570899
300,3,0.0006,0.12,0.4,False,True,3683.930315732956,0.6867000043392182,0.010488564962595337
300,3,0.0006,0.12,0.45,False,True,3721.113934278488,0.6869999885559082,0.006180618219911041
