200,6,0.011073175096048046,0.00042098108645864267,0.4,False,4,30,5.569367408752441,0.6955000162124634,0.007499992847442627
200,5,0.00641609025358355,0.0012071935329989122,0.30000000000000004,False,4,30,4.651911020278931,0.6840000450611115,0.0029999911785125732
200,6,0.0012148049053244436,0.006535015548391263,0.5,False,4,30,14.145339250564575,0.6955000162124634,0.002499997615814209
200,3,0.00448230781708498,0.0012098328663930572,0.2,False,16,30,5.102646112442017,0.6700000166893005,0.013000011444091797
200,3,0.013247722327104184,0.04972602586776252,0.2,False,16,30,3.1094329357147217,0.7070000171661377,0.004999995231628418
200,6,0.019657035810310284,0.00489461013334757,0.30000000000000004,False,4,30,4.567110776901245,0.6960000097751617,0.006999999284744263
200,4,0.0012630350129067605,0.00029754214125219406,0.1,False,16,30,6.8308093547821045,0.6330000162124634,0.013999998569488525
200,4,0.002558934018047176,0.0012922810167539367,0.4,False,16,30,8.751725196838379,0.6745000183582306,0.003500014543533325
200,6,0.007734141338170282,0.00010439084242326642,0.5,False,16,30,18.079646348953247,0.6925000250339508,0.003500014543533325
200,3,0.0006036659663796618,0.001189856544847765,0.5,False,8,30,11.025192260742188,0.6490000188350677,0.0020000040531158447
200,4,0.0006697423522998661,0.0007261991190292737,0.1,False,4,30,7.68429708480835,0.6220000386238098,0.013999998569488525
200,3,0.0012449698070670233,0.014148822974060138,0.4,False,16,30,9.43357515335083,0.6685000360012054,0.012500017881393433
200,6,0.019619495810322945,0.0010566681433609036,0.5,False,4,30,5.721672534942627,0.6940000355243683,0.00899997353553772
200,4,0.0008164656724704112,0.0006547917574843044,0.1,False,8,30,6.806354522705078,0.6285000443458557,0.012499988079071045
200,5,0.015808141982213874,0.0012104147520773777,0.5,False,16,30,7.122158527374268,0.6880000531673431,0.0029999911785125732
200,4,0.034045285689310416,0.013299954686663373,0.5,False,8,30,3.6613364219665527,0.7000000178813934,0.0029999911785125732
200,4,0.0010081879334816845,0.028688084686255468,0.30000000000000004,False,16,30,13.069661378860474,0.6615000069141388,0.009499996900558472
200,5,0.0014965767519005753,0.03707562659055255,0.2,False,16,30,12.26462197303772,0.6800000369548798,0.011000007390975952
200,3,0.0009287732577888385,0.00018466434219485784,0.30000000000000004,False,8,30,6.698613882064819,0.6185000240802765,0.0014999806880950928
200,6,0.03155226693432963,0.014479722112793551,0.1,False,16,30,4.7688329219818115,0.7110000252723694,0.013000011444091797
200,5,0.02017738557336383,0.0241772931296622,0.30000000000000004,False,8,30,4.525115251541138,0.710500031709671,0.003500014543533325
200,3,0.0009031258647198007,0.01481079057632592,0.30000000000000004,False,8,30,7.082690715789795,0.6600000560283661,0.0020000040531158447
200,4,0.03880721914920267,0.005721308846161328,0.2,False,8,30,3.534630060195923,0.7080000340938568,0.006000012159347534
200,3,0.004322410340962111,0.012076119826725292,0.5,False,16,30,6.00901460647583,0.7035000324249268,0.008499979972839355
200,5,0.006831123398609968,0.0008143812270565965,0.2,False,8,30,4.590226411819458,0.6885000467300415,0.0065000057220458984
200,3,0.015571177553395767,0.0049197621367278585,0.4,False,8,30,3.348299026489258,0.6995000243186951,0.0015000104904174805
200,3,0.0138924987958381,0.032700682167101806,0.4,False,8,30,3.3275606632232666,0.7030000388622284,0.006000012159347534
200,3,0.011251008006127963,0.0111755373128661,0.1,False,8,30,3.078526258468628,0.6945000290870667,0.000500023365020752
200,4,0.003140748814922526,0.0048719763642285745,0.2,False,16,30,5.648981809616089,0.6880000233650208,0.0040000081062316895
200,5,0.002300647171120505,0.005871047758164468,0.5,False,8,30,9.769615650177002,0.6900000274181366,0.0010000169277191162
200,3,0.0007102895003609797,0.0009758799022181315,0.5,False,8,30,11.067466735839844,0.6490000486373901,0.0040000081062316895
200,5,0.0008230585652764124,0.013716764653590046,0.2,False,4,30,9.2065589427948,0.6620000302791595,0.0169999897480011
200,5,0.011972746519777104,0.00010368897604654406,0.30000000000000004,False,4,30,4.354545593261719,0.6785000264644623,0.004500001668930054
200,5,0.002843122245610181,0.0006261630532639318,0.2,False,16,30,9.828372478485107,0.6690000295639038,0.001999974250793457
200,3,0.010618678587953012,0.011183253073254368,0.5,False,8,30,3.5030715465545654,0.6945000290870667,0.008499979972839355
200,5,0.0005235578826377228,0.03837556905188111,0.5,False,4,30,19.102017641067505,0.682500034570694,0.003500014543533325
200,5,0.001410640002892097,0.0002745469535744533,0.1,False,8,30,6.808801651000977,0.6425000429153442,0.0065000057220458984
200,3,0.010236528271139004,0.0001650028042502468,0.1,False,4,30,2.9612011909484863,0.6705000400543213,0.002499997615814209
200,6,0.0029697306853636893,0.03126713085973136,0.1,False,8,30,6.659815311431885,0.6895000338554382,0.011500000953674316
200,5,0.003664551921296346,0.00044955889243155993,0.1,False,16,30,7.8848490715026855,0.6675000190734863,0.007499992847442627
200,3,0.006676817845290492,0.0006648361878038443,0.2,False,16,30,3.9227826595306396,0.6725000143051147,0.0015000104904174805
200,4,0.003923274006579427,0.0007963283256915165,0.30000000000000004,False,4,30,3.948054790496826,0.6545000374317169,0.0104999840259552
200,4,0.01824491844305891,0.028656707737207025,0.30000000000000004,False,16,30,4.024872541427612,0.6945000290870667,0.0015000104904174805
200,6,0.007366206138639432,0.0002951160406484577,0.4,False,16,30,9.34886622428894,0.6890000402927399,0.007999986410140991
200,4,0.00827204364770806,0.0016772213729412426,0.4,False,4,30,4.351691007614136,0.6855000257492065,0.002499997615814209
200,5,0.0009004383478386917,0.0008884801827927398,0.30000000000000004,False,16,30,13.41746473312378,0.6395000517368317,0.009499996900558472
200,3,0.0025366624586638515,0.0018522071080094495,0.30000000000000004,False,16,30,6.903113126754761,0.674500048160553,0.011500000953674316
200,5,0.0006194124046888243,0.0028957938904828357,0.1,False,16,30,12.134419441223145,0.6330000162124634,0.013000011444091797
200,6,0.02746317021917433,0.0034379160590228375,0.2,False,8,30,4.888479471206665,0.7040000259876251,0.01199999451637268
200,3,0.038502303171537,0.006894183441659543,0.5,False,16,30,3.441039562225342,0.6880000233650208,0.013999998569488525
200,3,0.004285078555946101,0.0034454840410223435,0.30000000000000004,False,4,30,5.0084569454193115,0.6775000393390656,0.0014999806880950928
200,4,0.0047542616906097075,0.0009453963769719064,0.30000000000000004,False,4,30,3.9283225536346436,0.6780000329017639,0.008000016212463379
200,4,0.02485900361742638,0.00029729222693535674,0.2,False,16,30,3.9292938709259033,0.6940000355243683,0.0020000040531158447
200,6,0.0009567624713210232,0.0017096768620163997,0.1,False,8,30,10.449527978897095,0.6570000350475311,0.005000025033950806
200,6,0.0011035084232508896,0.0010383207284526612,0.5,False,16,30,22.583248376846313,0.648000031709671,0.0020000040531158447
200,4,0.006759377439651516,0.006283539728616262,0.2,False,4,30,3.902498245239258,0.6840000152587891,0.0
200,6,0.0036075887159145175,0.04930307280286425,0.2,False,16,30,7.88850998878479,0.7070000171661377,0.018000006675720215
200,5,0.02694098686816022,0.0075877038670727395,0.5,False,16,30,5.553840160369873,0.6665000319480896,0.0034999847412109375
200,5,0.0023982930697117413,0.003907880723113626,0.5,False,16,30,11.835935354232788,0.6860000193119049,0.011000007390975952
200,3,0.0012603639662317053,0.00015642804294996036,0.5,False,16,30,9.110689878463745,0.6285000145435333,0.008500009775161743
200,3,0.010194443794159345,0.049483923315584204,0.2,False,16,30,3.397148609161377,0.6980000138282776,0.0
200,4,0.025496469110313412,0.004894657905225488,0.1,False,8,30,3.6008739471435547,0.7065000236034393,0.003500014543533325
200,3,0.006783420371583609,0.005352806273717043,0.1,False,16,30,4.407848834991455,0.6955000162124634,0.007499992847442627
200,6,0.002854997076420163,0.0038491247596661943,0.2,False,16,30,8.472813129425049,0.6985000371932983,0.000500023365020752
200,3,0.0072124400303039855,0.03987965563901824,0.5,False,8,30,3.818694829940796,0.7165000438690186,0.0065000057220458984
200,4,0.005018261331362681,0.002338038606255585,0.4,False,16,30,5.804356813430786,0.6970000267028809,0.0
200,6,0.016921145365545228,0.00013788677652710522,0.1,False,16,30,5.125612497329712,0.6885000169277191,0.0004999935626983643
200,6,0.0020356442267864764,0.00014984016319371607,0.2,False,8,30,7.180308103561401,0.6510000228881836,0.0
200,5,0.0009596006172690682,0.00043873165347933877,0.30000000000000004,False,4,30,9.331385374069214,0.6500000357627869,0.0
200,5,0.0047226874217444195,0.0015057629948805815,0.5,False,4,30,6.055326223373413,0.690000057220459,0.0
200,6,0.0005014228973212313,0.0001318221446009174,0.4,False,4,30,14.600422859191895,0.6520000398159027,0.015000015497207642
200,6,0.0032706856085374498,0.006847734845830964,0.1,False,8,30,6.202410459518433,0.6815000176429749,0.002499997615814209
200,3,0.0007685032520435548,0.015019787652981512,0.30000000000000004,False,4,30,6.608414173126221,0.6565000414848328,0.0034999847412109375
200,3,0.001628008239360081,0.0003433029808420183,0.1,False,16,30,5.513505697250366,0.617000013589859,0.0029999911785125732
200,6,0.0015573605329631045,0.00040485916580864755,0.5,False,4,30,12.225132942199707,0.6645000278949738,0.0014999806880950928
200,5,0.005536775766521692,0.0006416770541137368,0.2,False,16,30,6.145742177963257,0.6940000355243683,0.0010000169277191162
200,5,0.0022500359959689987,0.0007956087067034714,0.1,False,8,30,7.354859352111816,0.6535000503063202,0.004500001668930054
200,3,0.020628473143797427,0.0016524032827302912,0.30000000000000004,False,16,30,3.5220139026641846,0.6905000507831573,0.008500009775161743
200,4,0.0019032196413928308,0.019422398411886643,0.30000000000000004,False,8,30,7.058838367462158,0.6815000176429749,0.007499992847442627
200,5,0.015301265386972298,0.0036995992797875295,0.5,False,8,30,6.689857244491577,0.710500031709671,0.006499975919723511
200,5,0.0038844608751004523,0.002212350753540579,0.2,False,4,30,4.993738651275635,0.6760000586509705,0.013999998569488525
200,3,0.009256622122124534,0.00014506307958369452,0.5,False,8,30,3.627577304840088,0.6820000112056732,0.006999999284744263
200,4,0.001419190112529104,0.002467215312693687,0.2,False,8,30,6.279584646224976,0.667000025510788,0.003999978303909302
200,5,0.004880523348226663,0.005743045360380898,0.30000000000000004,False,8,30,5.779765605926514,0.6995000243186951,0.002499997615814209
200,3,0.03841300451041943,0.0010412161647753127,0.1,False,16,30,3.6402390003204346,0.6910000443458557,0.009000003337860107
200,3,0.0005941060166690035,0.0001288310938344239,0.5,False,16,30,12.641458749771118,0.5960000157356262,0.0040000081062316895
200,3,0.010125796500662306,0.01010491653136212,0.4,False,4,30,3.2133684158325195,0.6915000379085541,0.012500017881393433
200,3,0.0006691601052034682,0.006127610111770677,0.30000000000000004,False,8,30,9.434605360031128,0.6385000348091125,0.000500023365020752
200,6,0.018582041822022062,0.0002464802115559437,0.5,False,16,30,9.588080167770386,0.6895000338554382,0.017499983310699463
200,5,0.012852062315392253,0.0011763386640962273,0.5,False,8,30,5.981753587722778,0.7080000340938568,0.007999986410140991
200,3,0.005598504322328223,0.045796964136725106,0.1,False,4,30,3.6692826747894287,0.6915000379085541,0.008500009775161743
200,6,0.0007992881336475627,0.0007772241225657144,0.2,False,16,30,15.010886192321777,0.6495000123977661,0.0065000057220458984
200,6,0.008453613700006862,0.030431935560012113,0.30000000000000004,False,4,30,5.1687328815460205,0.6990000307559967,0.006000012159347534
200,3,0.04854265320237716,0.00036552001320462043,0.30000000000000004,False,8,30,3.2179276943206787,0.6970000267028809,0.0059999823570251465
200,4,0.019031607941769,0.002051199286221066,0.2,False,4,30,3.7466723918914795,0.6910000145435333,0.0020000040531158447
200,6,0.001183353767099117,0.001418926650954446,0.30000000000000004,False,16,30,18.203430891036987,0.6710000336170197,0.005000025033950806
200,4,0.0011268783313581492,0.0005957767983248988,0.30000000000000004,False,8,30,7.694148063659668,0.6530000269412994,0.003999978303909302
200,4,0.02744065042824197,0.0009449592452335453,0.5,False,4,30,4.144939422607422,0.6910000145435333,0.0020000040531158447
200,6,0.007937266995969432,0.00011090907681379574,0.4,False,8,30,6.16845965385437,0.6935000121593475,0.004500001668930054
200,6,0.01203479980420596,0.016403072824685085,0.30000000000000004,False,8,30,5.205345630645752,0.6965000331401825,0.0014999806880950928
200,6,0.0008849511448105592,0.00010867705884716477,0.4,False,4,30,12.950948238372803,0.6600000262260437,0.003000020980834961
200,3,0.018480249006502504,0.009691899200158427,0.1,False,4,30,2.9664292335510254,0.6895000338554382,0.0034999847412109375
200,4,0.010183558520821857,0.0035071991246847876,0.30000000000000004,False,8,30,3.966514825820923,0.6965000331401825,0.0025000274181365967
200,4,0.0011243631750119268,0.03392683902735974,0.5,False,8,30,12.040201187133789,0.687000036239624,0.008000016212463379
200,6,0.04898479357197192,0.00011591109163071648,0.30000000000000004,False,8,30,5.129132032394409,0.6960000097751617,0.0020000040531158447
200,6,0.010536440910148144,0.00245459967762141,0.30000000000000004,False,16,30,7.605145692825317,0.6910000145435333,0.011000007390975952
200,5,0.0011847472844711486,0.0034910545233444454,0.2,False,4,30,7.487659454345703,0.6570000350475311,0.005000025033950806
200,5,0.04118288374441358,0.006237517222601394,0.30000000000000004,False,16,30,4.820080041885376,0.7155000269412994,0.013500005006790161
200,6,0.006754928816718451,0.007620461176735979,0.4,False,8,30,6.100872039794922,0.7035000324249268,0.008499979972839355
200,6,0.0015045222662425494,0.000554214313646381,0.30000000000000004,False,4,30,9.003812313079834,0.6585000157356262,0.0015000104904174805
200,3,0.0030473348473385206,0.0012245727755565393,0.30000000000000004,False,8,30,4.386766672134399,0.6760000288486481,0.005000025033950806
200,4,0.010230750364680215,0.0002650639821063956,0.1,False,4,30,3.540276527404785,0.6600000262260437,0.009000003337860107
200,4,0.0025374324542389226,0.00041295365551015026,0.1,False,16,30,6.254610776901245,0.6460000276565552,0.009000003337860107
200,4,0.014696689163181885,0.0022036516222314153,0.30000000000000004,False,16,30,4.454461336135864,0.7010000348091125,0.0059999823570251465
200,6,0.0006505494001679315,0.006211804175881002,0.30000000000000004,False,4,30,13.186342477798462,0.674500048160553,0.0015000104904174805
200,4,0.012338579687177918,0.0009612830514840426,0.1,False,8,30,3.646592378616333,0.6860000491142273,0.013000011444091797
200,3,0.010266118531988996,0.016896162941664516,0.2,False,8,30,3.170332193374634,0.6985000371932983,0.002499997615814209
200,6,0.0010225097636608273,0.0049347208458215734,0.4,False,16,30,22.543955087661743,0.6655000448226929,0.002499997615814209
200,5,0.010453837661286422,0.0007159183975871412,0.30000000000000004,False,8,30,4.815294981002808,0.6845000386238098,0.00550001859664917
200,5,0.0015307755783152764,0.0010177757054559006,0.5,False,16,30,19.290186405181885,0.6845000386238098,0.0065000057220458984
200,6,0.0009596197589602853,0.000940470781121193,0.5,False,4,30,14.613727807998657,0.659000039100647,0.0059999823570251465
200,4,0.0036701342420143094,0.00010412888864949133,0.5,False,8,30,6.581821441650391,0.6780000329017639,0.0040000081062316895
200,5,0.000673337926131637,0.005633116306732239,0.1,False,8,30,11.22775912284851,0.6525000333786011,0.007499992847442627
200,5,0.0012108556548822568,0.0014817956230158875,0.1,False,8,30,7.545517206192017,0.6490000188350677,0.006999999284744263
200,3,0.010889051610952423,0.008642795251433683,0.5,False,4,30,3.1625478267669678,0.6935000419616699,0.002499997615814209
200,4,0.0006337844984047521,0.0039575124825704504,0.2,False,8,30,11.432246208190918,0.6475000381469727,0.007499992847442627
200,6,0.0015112341565276016,0.027593591104445984,0.1,False,16,30,11.092340469360352,0.6805000305175781,0.002499997615814209
200,6,0.015354807725459973,0.024074380541011135,0.1,False,16,30,5.032673358917236,0.7200000286102295,0.0009999871253967285
200,3,0.001879716156912472,0.000726949988698042,0.1,False,16,30,6.235354423522949,0.6485000252723694,0.00550001859664917
200,6,0.009799943509722249,0.0011699067102499713,0.1,False,8,30,5.00431227684021,0.6875000298023224,0.005499988794326782
200,3,0.0035306791316360897,0.02891886508737265,0.30000000000000004,False,4,30,3.827925682067871,0.6960000395774841,0.010999977588653564
200,4,0.004653077246547128,0.0010916592693998761,0.30000000000000004,False,4,30,4.163275241851807,0.6855000257492065,0.0015000104904174805
200,6,0.002702121660112091,0.001286836464442992,0.4,False,4,30,6.967127323150635,0.6785000264644623,0.0004999935626983643
200,5,0.0071655910052965755,0.0010614663131428273,0.2,False,4,30,4.577091932296753,0.6815000176429749,0.010500013828277588
200,5,0.0005303142840339292,0.03888555703012005,0.2,False,8,30,17.278785943984985,0.6525000333786011,0.0065000057220458984
200,6,0.0011803452057785604,0.03756412579536903,0.4,False,8,30,15.507580995559692,0.6835000514984131,0.0065000057220458984
200,6,0.0015603859845890779,0.003339477735092598,0.5,False,8,30,14.8288733959198,0.6890000402927399,0.01600000262260437
200,5,0.000956353094768294,0.0012115092106913922,0.30000000000000004,False,4,30,10.13680648803711,0.6505000293254852,0.0014999806880950928
200,6,0.0062721611130950854,0.00016935347525204455,0.4,False,4,30,6.579379558563232,0.6855000257492065,0.0065000057220458984
200,6,0.0311705315607081,0.00042490564571092017,0.1,False,16,30,5.1775901317596436,0.7040000259876251,0.01199999451637268
200,6,0.0031024619861061476,0.023863186602192138,0.30000000000000004,False,8,30,7.218162536621094,0.7125000357627869,0.0015000104904174805
200,5,0.039338816529350305,0.01804645911421525,0.30000000000000004,False,16,30,4.746067523956299,0.6890000402927399,0.006999999284744263
200,4,0.01904151782025045,0.004403524734927497,0.5,False,4,30,4.591248512268066,0.6955000162124634,0.0015000104904174805
200,6,0.002451445224019855,0.0003562066027060286,0.1,False,4,30,6.607938051223755,0.6720000505447388,0.009999990463256836
200,5,0.0051427943935839935,0.0012448539041241137,0.1,False,16,30,7.788750171661377,0.6820000410079956,0.0040000081062316895
200,3,0.02132212119549394,0.008587822167572973,0.4,False,4,30,3.1069657802581787,0.6975000500679016,0.0015000104904174805
200,5,0.035043223426398366,0.02953937217820968,0.1,False,16,30,4.111788034439087,0.7020000517368317,0.0029999911785125732
200,3,0.026711086495567856,0.0019102164096876846,0.2,False,8,30,2.8885512351989746,0.6975000500679016,0.0065000057220458984
200,6,0.0008096906716031312,0.014168185748992864,0.5,False,4,30,18.088989973068237,0.6770000457763672,0.0009999871253967285
200,3,0.024265472807361986,0.041336400722468476,0.1,False,4,30,3.039642572402954,0.7015000283718109,0.0014999806880950928
200,4,0.015953220548616764,0.004941562584544929,0.4,False,16,30,4.333487033843994,0.6985000371932983,0.0015000104904174805
200,6,0.034558261260313396,0.013451502818196235,0.5,False,8,30,5.9563047885894775,0.6955000460147858,0.0004999935626983643
200,4,0.01557861778051711,0.00555402186782556,0.4,False,16,30,4.795831203460693,0.6995000243186951,0.016499996185302734
200,4,0.0013658790071726199,0.01270766645866706,0.5,False,8,30,9.239661693572998,0.6790000200271606,0.004999995231628418
200,5,0.0033398281635301434,0.0004934987525497904,0.4,False,16,30,10.213234663009644,0.687000036239624,0.0
200,6,0.01355680043532315,0.01610024528848446,0.30000000000000004,False,16,30,5.2153565883636475,0.7130000293254852,0.006999999284744263
200,6,0.035857661731882345,0.0032519327572764966,0.5,False,4,30,5.46981954574585,0.6960000395774841,0.010999977588653564
200,4,0.0017064678805293948,0.004182840261929361,0.2,False,4,30,5.735917329788208,0.6655000448226929,0.012499988079071045
200,4,0.015408891866312694,0.00018326463010676365,0.5,False,8,30,4.192018747329712,0.6770000159740448,0.006000012159347534
200,6,0.002876094253033438,0.00037414420925584245,0.1,False,16,30,7.41905951499939,0.6670000553131104,0.009000003337860107
200,5,0.011974041333704628,0.0031998201564051804,0.2,False,16,30,4.8133392333984375,0.6965000331401825,0.0025000274181365967
200,4,0.0008151346622195432,0.0012950284022631702,0.2,False,16,30,8.998717069625854,0.6235000491142273,0.0065000057220458984
200,3,0.009952084529151152,0.0008618711292967538,0.30000000000000004,False,4,30,3.24401593208313,0.682500034570694,0.0014999806880950928
200,5,0.0005623589341875242,0.004660346220738341,0.5,False,4,30,18.832828521728516,0.6800000071525574,0.0
200,6,0.020210657104772056,0.0031284801903944215,0.4,False,8,30,5.831523180007935,0.7005000412464142,0.0014999806880950928
200,6,0.004375154713226673,0.0006201887161427977,0.2,False,8,30,5.98062801361084,0.6770000159740448,0.0029999911785125732
200,4,0.01529882700696705,0.001021907217368141,0.5,False,16,30,5.321267127990723,0.6990000307559967,0.00899997353553772
200,5,0.007823932561784878,0.021577303281520317,0.5,False,16,30,8.52104139328003,0.682500034570694,0.0104999840259552
200,6,0.002565201657275538,0.01282497388061282,0.5,False,16,30,17.16336965560913,0.667000025510788,0.006999999284744263
200,4,0.009862786117120471,0.0005082889772206161,0.2,False,16,30,4.435803174972534,0.6840000450611115,0.0029999911785125732
200,3,0.009418101684610073,0.005008972354067753,0.4,False,16,30,3.8171072006225586,0.687000036239624,0.001999974250793457
200,3,0.0007495176734002682,0.00016900970282908762,0.1,False,8,30,7.117249965667725,0.6100000441074371,0.0169999897480011
200,5,0.0075135840617165635,0.0009535375928788105,0.2,False,8,30,4.536336183547974,0.6730000078678131,0.0020000040531158447
200,5,0.048587236394706065,0.028383274236705478,0.5,False,4,30,4.5521018505096436,0.6975000202655792,0.0104999840259552
200,4,0.004699694035219323,0.0019639667203388343,0.30000000000000004,False,8,30,6.463578701019287,0.682500034570694,0.004500001668930054
200,6,0.025104221254086945,0.00017926638095561878,0.4,False,16,30,7.9041218757629395,0.6990000307559967,0.0010000169277191162
200,4,0.03208577660213199,0.0002552737984272605,0.30000000000000004,False,4,30,3.653054714202881,0.6915000379085541,0.009499996900558472
200,5,0.0006759624281610386,0.01909930317891835,0.4,False,4,30,15.532728672027588,0.6855000555515289,0.004500001668930054
200,6,0.0025199164293414895,0.038466034530307114,0.2,False,16,30,9.52418851852417,0.7050000429153442,0.0
200,6,0.014090608597116664,0.00011607589759471511,0.4,False,4,30,5.176034688949585,0.6860000491142273,0.0009999871253967285
200,5,0.0031682227030025096,0.0029028158368955463,0.30000000000000004,False,16,30,7.2014570236206055,0.6850000321865082,0.006000012159347534
200,5,0.0006547126966120246,0.0031455654960861707,0.5,False,8,30,18.80953884124756,0.6600000262260437,0.010999977588653564
200,4,0.0005737879916616903,0.0039332378439548305,0.4,False,8,30,13.457398891448975,0.6660000383853912,0.006000012159347534
200,4,0.0014987206543870682,0.00012459821736308355,0.1,False,8,30,5.49790096282959,0.6380000412464142,0.0010000169277191162
200,4,0.03450493042755133,0.0006275928318882865,0.2,False,8,30,3.821687698364258,0.6930000483989716,0.006999999284744263
200,6,0.01214538870640831,0.0015798426942488105,0.5,False,16,30,10.401068687438965,0.6735000610351562,0.011500000953674316
200,3,0.013534639880467037,0.0001476241960168262,0.30000000000000004,False,16,30,4.869041681289673,0.6775000393390656,0.0014999806880950928
200,3,0.00338163185444995,0.0019837080043310588,0.5,False,8,30,4.968493938446045,0.6845000386238098,0.0065000057220458984
200,5,0.0005419215272773039,0.014013486978344364,0.1,False,16,30,16.774853944778442,0.6470000445842743,0.01600000262260437
200,5,0.007458993034881319,0.00022745643533794482,0.1,False,4,30,4.2667622566223145,0.6780000329017639,0.012000024318695068
200,4,0.021140414898361097,0.004172860835196582,0.2,False,4,30,3.5171701908111572,0.7000000476837158,0.004999995231628418
200,5,0.004186113948855092,0.01024415725348621,0.2,False,16,30,6.99750280380249,0.6985000371932983,0.0015000104904174805
200,3,0.033847258177078635,0.01509058763277616,0.5,False,8,30,3.1594998836517334,0.7025000154972076,0.004500001668930054
200,4,0.0006098015048403332,0.0012624193186134903,0.30000000000000004,False,16,30,14.04142427444458,0.6220000386238098,0.0040000081062316895
200,3,0.009781193901467351,0.00019379087441608633,0.2,False,16,30,6.053970813751221,0.6795000433921814,0.002499997615814209
200,5,0.043141038416747594,0.02093227447290223,0.4,False,8,30,4.638960838317871,0.7020000219345093,0.004999995231628418
200,5,0.00321305358015862,0.0003177608834022129,0.30000000000000004,False,4,30,5.328489303588867,0.6770000457763672,0.018999993801116943
200,6,0.0038917262476265003,0.0032991298414204047,0.30000000000000004,False,4,30,6.308854103088379,0.6830000281333923,0.0009999871253967285
200,5,0.0008852808243082287,0.000774550127904664,0.30000000000000004,False,16,30,13.815284729003906,0.6535000205039978,0.0065000057220458984
200,6,0.0005251359270631653,0.0005959023684631356,0.5,False,8,30,22.356727838516235,0.6395000517368317,0.004500001668930054
200,5,0.0013091233488652693,0.0036390457978494263,0.5,False,16,30,19.430837154388428,0.6890000402927399,0.0010000169277191162
200,6,0.0011343681848659684,0.00021450583932623127,0.1,False,16,30,10.183781385421753,0.6445000171661377,0.012499988079071045
200,4,0.001353102973227314,0.00011660558980465557,0.2,False,8,30,6.1519410610198975,0.6295000314712524,0.015500009059906006
200,6,0.0010682571426045276,0.01206729815829853,0.4,False,8,30,13.636415004730225,0.687000036239624,0.0040000081062316895
200,6,0.007291749341915247,0.009576488653611145,0.30000000000000004,False,8,30,6.168273448944092,0.6945000290870667,0.000500023365020752
200,6,0.0012492636258848455,0.00023622242936873112,0.30000000000000004,False,16,30,17.29789972305298,0.6600000262260437,0.008000016212463379
200,5,0.006539131325227182,0.019789053439862016,0.4,False,8,30,5.395947217941284,0.7165000438690186,0.0034999847412109375
200,6,0.0013278899057142324,0.00017892412822980732,0.4,False,16,30,21.25497007369995,0.6635000109672546,0.002499997615814209
200,6,0.04102695488195405,0.0003137563861032875,0.1,False,8,30,5.667250394821167,0.6860000491142273,0.009999990463256836
200,6,0.03158522850717529,0.002409388374930869,0.4,False,8,30,5.3299596309661865,0.7005000412464142,0.003500014543533325
200,4,0.0014470071657189617,0.0003754468737226875,0.4,False,16,30,12.162753105163574,0.6550000309944153,0.003000020980834961
200,5,0.029742805738386214,0.00014762839139679428,0.4,False,8,30,4.55929970741272,0.6920000314712524,0.008000016212463379
200,5,0.017316813078162355,0.004573054805864569,0.5,False,16,30,7.342402458190918,0.6720000207424164,0.01600000262260437
200,4,0.04356941769157885,0.0047215242959994155,0.5,False,4,30,3.6898326873779297,0.7055000364780426,0.005499988794326782
200,3,0.00459955772678488,0.04781483812079304,0.2,False,16,30,4.2450597286224365,0.6850000321865082,0.0029999911785125732
200,5,0.0012762901552469624,0.0068937319331027385,0.5,False,8,30,14.261129140853882,0.6800000369548798,0.007999986410140991
200,5,0.0005100197494248986,0.00029476388920188457,0.4,False,4,30,14.078172206878662,0.643500030040741,0.011500000953674316
200,5,0.0007139426324407197,0.0031996883016736696,0.4,False,8,30,12.36375641822815,0.6605000495910645,0.002499997615814209
200,3,0.010545585621788419,0.00016070659048049747,0.2,False,8,30,3.1391263008117676,0.6720000207424164,0.0020000040531158447
200,6,0.0008136434530702141,0.014882700911534139,0.4,False,4,30,15.034404516220093,0.6955000460147858,0.003500014543533325
200,4,0.032811789574245874,0.002592159943703955,0.4,False,8,30,3.6434834003448486,0.7130000293254852,0.005000025033950806
200,6,0.0005777711119510626,0.03684120061222355,0.4,False,16,30,22.617157220840454,0.5760000050067902,0.011000007390975952
200,5,0.01015826293259098,0.0010714561959879096,0.5,False,16,30,8.908307075500488,0.6855000555515289,0.0004999935626983643
200,6,0.003366552341875342,0.0002277225890247234,0.2,False,8,30,6.498666048049927,0.6705000102519989,0.004500001668930054
200,4,0.0005622122914695002,0.007396788325286815,0.4,False,8,30,13.627749919891357,0.6675000488758087,0.004500001668930054
200,5,0.0008264995780853587,0.0002644896497779955,0.30000000000000004,False,8,30,10.971030235290527,0.6410000324249268,0.009999990463256836
200,3,0.0007770409069553346,0.0005915794160619198,0.5,False,4,30,7.631847620010376,0.6510000228881836,0.0
200,6,0.006271800267275647,0.0018301964858699262,0.4,False,16,30,8.487168312072754,0.6945000290870667,0.008499979972839355
200,4,0.0326905834776601,0.00011394466678529358,0.30000000000000004,False,16,30,4.013213872909546,0.6900000274181366,0.003999978303909302
200,5,0.000939487891929292,0.04252890327251961,0.5,False,16,30,19.415693998336792,0.6355000138282776,0.007499992847442627
200,3,0.02014091444752942,0.0012693752852018703,0.1,False,16,30,3.163090705871582,0.6915000379085541,0.0104999840259552
200,3,0.037815540204945104,0.000526574790457658,0.30000000000000004,False,16,30,3.4854791164398193,0.6970000267028809,0.0
200,6,0.006713569470574655,0.002002512822568126,0.1,False,8,30,5.568932771682739,0.6855000257492065,0.0015000104904174805
200,4,0.0006222335581039911,0.0009980310032534836,0.1,False,16,30,14.564707040786743,0.6275000274181366,0.01850000023841858
200,4,0.004097315937453582,0.00045429048021065834,0.2,False,4,30,4.2601158618927,0.6695000529289246,0.015500009059906006
200,4,0.0005176527565005485,0.003257967064552316,0.2,False,16,30,15.904314517974854,0.6215000152587891,0.0015000104904174805
200,3,0.012583913988283192,0.0008881815067836524,0.30000000000000004,False,8,30,3.441736936569214,0.6935000121593475,0.009499996900558472
200,4,0.0005240007886402622,0.0005590991309113382,0.2,False,16,30,12.61624789237976,0.6195000410079956,0.012499988079071045
200,6,0.00098309072860347,0.02200232899963877,0.1,False,16,30,15.809349536895752,0.6695000231266022,0.013500005006790161
200,5,0.0008817158140811741,0.0158301497391922,0.4,False,16,30,18.745970249176025,0.6780000329017639,0.004999995231628418
200,3,0.0269961954186433,0.0009309602318734934,0.30000000000000004,False,8,30,3.2271652221679688,0.6980000138282776,0.009999990463256836
200,4,0.0015153365539128717,0.0031427341930443764,0.1,False,16,30,7.445831060409546,0.6490000486373901,0.0040000081062316895
200,6,0.015384086899725563,0.02315962543775224,0.2,False,16,30,5.269455432891846,0.70250004529953,0.0065000057220458984
200,6,0.0008832762757852138,0.019324117761088937,0.2,False,4,30,11.595333337783813,0.6775000095367432,0.002499997615814209
200,3,0.001330369732889735,0.02433942851785902,0.4,False,8,30,8.778101205825806,0.6830000281333923,0.0
200,4,0.023328516718752284,0.0054913637668285616,0.2,False,16,30,4.074374437332153,0.6985000371932983,0.0015000104904174805
200,6,0.02154031080432738,0.0029216862095399034,0.2,False,8,30,4.992574691772461,0.7005000412464142,0.0004999935626983643
200,6,0.006440951774805033,0.001471726850090556,0.2,False,16,30,6.375490665435791,0.6935000419616699,0.0034999847412109375
200,3,0.001458793557521909,0.026435060793774525,0.5,False,16,30,9.58394718170166,0.6730000376701355,0.013000011444091797
200,3,0.014170633167319561,0.04641934478047894,0.4,False,8,30,3.267519950866699,0.7075000405311584,0.0065000057220458984
200,5,0.01294407806359901,0.00017658040340876415,0.2,False,4,30,4.388726234436035,0.6755000352859497,0.0065000057220458984
200,4,0.004922941585051257,0.00038166908439699895,0.30000000000000004,False,4,30,4.040060997009277,0.6600000262260437,0.013999998569488525
200,6,0.0007817760924010198,0.0027144321126592575,0.4,False,16,30,22.243720769882202,0.6665000319480896,0.00550001859664917
200,5,0.0009181831401343004,0.0113609326961282,0.5,False,16,30,19.43926215171814,0.6685000360012054,0.003500014543533325
200,3,0.015011326461957237,0.012615462610404247,0.30000000000000004,False,4,30,3.1124629974365234,0.6970000267028809,0.009000003337860107
200,6,0.02586782016417001,0.00015038845013178305,0.5,False,16,30,8.279495239257812,0.687000036239624,0.004999995231628418
200,3,0.0008759469404192624,0.0042584616785117475,0.2,False,4,30,6.202256441116333,0.6440000236034393,0.0010000169277191162
200,6,0.02509516782373116,0.010569912437372224,0.4,False,16,30,5.872629165649414,0.6630000472068787,0.018000006675720215
200,3,0.016307642636560607,0.00014776131345100883,0.1,False,16,30,4.11067795753479,0.6705000400543213,0.0034999847412109375
200,5,0.0017042236222074355,0.019420575204074437,0.30000000000000004,False,4,30,7.12220573425293,0.6865000426769257,0.005499988794326782
200,4,0.0034071380874002417,0.016881456519021818,0.4,False,16,30,6.485536813735962,0.6955000460147858,0.0004999935626983643
200,5,0.001399879300980426,0.004501253221515581,0.2,False,16,30,10.313860893249512,0.6775000095367432,0.002499997615814209
200,3,0.002078439112753254,0.017245037319074886,0.1,False,4,30,4.17611026763916,0.6595000326633453,0.0104999840259552
200,4,0.0031142014412263194,0.0010243232667811984,0.4,False,16,30,10.094409227371216,0.6745000183582306,0.005499988794326782
200,4,0.0007587951151438818,0.00631443498238202,0.1,False,8,30,8.405293464660645,0.6345000267028809,0.00950002670288086
200,5,0.000519809483956061,0.001276695209076956,0.1,False,16,30,16.499451160430908,0.6350000202655792,0.01299998164176941
200,4,0.009295379548979398,0.014189333058180527,0.2,False,4,30,3.831956386566162,0.6960000097751617,0.0020000040531158447
200,5,0.0006249050203886233,0.011018079260008884,0.4,False,8,30,18.212288856506348,0.667000025510788,0.003999978303909302
200,3,0.0024481994853612393,0.010025741853777428,0.4,False,16,30,5.645445823669434,0.6910000443458557,0.0
200,3,0.030769050594215884,0.0006685388429956499,0.30000000000000004,False,16,30,3.439157724380493,0.6895000338554382,0.00550001859664917
200,3,0.03499768424827638,0.0002063061213683877,0.4,False,8,30,3.4278745651245117,0.6965000331401825,0.0014999806880950928
200,3,0.0009742508599030771,0.00038395774220904903,0.1,False,8,30,6.278947353363037,0.6190000176429749,0.0
200,5,0.001680459535336511,0.03204067994906581,0.5,False,16,30,15.115456342697144,0.6800000369548798,0.0010000169277191162
200,3,0.0026077545176577646,0.004468585023623907,0.30000000000000004,False,8,30,4.413236856460571,0.6740000247955322,0.009999990463256836
200,4,0.040008548922358445,0.004056754105128135,0.5,False,4,30,3.6286935806274414,0.6990000307559967,0.00899997353553772
200,6,0.016164005315764583,0.0013988310134597124,0.4,False,4,30,5.08620810508728,0.6930000483989716,0.0029999911785125732
200,4,0.0037938166326824813,0.03627551831918794,0.1,False,16,30,5.363104343414307,0.6815000176429749,0.002499997615814209
200,3,0.025024142488341266,0.001141234513128309,0.30000000000000004,False,16,30,3.5453076362609863,0.7030000388622284,0.006999999284744263
200,3,0.020779526147520114,0.0001130637156702953,0.1,False,4,30,2.8802497386932373,0.674500048160553,0.007499992847442627
200,6,0.004140184539715041,0.00015445248073025646,0.4,False,8,30,7.578691005706787,0.6780000329017639,0.003000020980834961
200,3,0.0018168804363761144,0.006667304593916663,0.2,False,16,30,8.489774703979492,0.6795000433921814,0.00550001859664917
200,4,0.002123203809861226,0.006274277951591994,0.1,False,4,30,4.943339586257935,0.6655000448226929,0.0034999847412109375
200,6,0.003952479471837479,0.026871809487462043,0.30000000000000004,False,4,30,6.918980121612549,0.7000000476837158,0.004999995231628418
200,5,0.005313565228712225,0.0031922128056799284,0.1,False,16,30,5.439160108566284,0.6830000281333923,0.0009999871253967285
200,5,0.013606375645077846,0.0024233622226177997,0.5,False,16,30,6.355423927307129,0.6935000121593475,0.004500001668930054
200,6,0.036634045916255284,0.003735705710138932,0.30000000000000004,False,16,30,5.812311887741089,0.6930000185966492,0.013999998569488525
200,4,0.006561813058387608,0.000128380085966335,0.1,False,4,30,3.839001178741455,0.6580000221729279,0.010000020265579224
200,6,0.0007721111230634322,0.0006259208926567366,0.1,False,16,30,11.244784355163574,0.6345000267028809,0.002499997615814209
200,4,0.002910295929229934,0.009161447977438026,0.1,False,16,30,6.520084619522095,0.6705000400543213,0.00550001859664917
200,6,0.019512683026319224,0.0015179029996589116,0.5,False,4,30,5.5274341106414795,0.6960000395774841,0.0
200,4,0.04483880825595706,0.0034869605221274223,0.30000000000000004,False,8,30,3.729753017425537,0.7075000405311584,0.0034999847412109375
200,5,0.0012726308136795862,0.00044248803612640525,0.5,False,16,30,19.300189971923828,0.6595000326633453,0.003500014543533325
200,4,0.0005813983616084001,0.00022516838456631993,0.5,False,4,30,13.48407769203186,0.6475000381469727,0.0015000104904174805
200,3,0.027228864273262796,0.0008595546876174181,0.5,False,4,30,3.268838405609131,0.6915000379085541,0.006499975919723511
200,3,0.004153076907115889,0.007449095582281973,0.2,False,4,30,3.6201491355895996,0.6885000169277191,0.004500001668930054
200,3,0.013828241429098519,0.0001576778815485257,0.1,False,8,30,3.448357343673706,0.6710000336170197,0.005000025033950806
200,4,0.0007463454626184873,0.004337909333663089,0.30000000000000004,False,8,30,9.846885442733765,0.6575000286102295,0.0015000104904174805
200,6,0.030265521611381258,0.01885900588329554,0.2,False,16,30,4.852380752563477,0.6920000314712524,0.018999993801116943
200,3,0.004091904927022507,0.030229648601248625,0.1,False,4,30,3.7868032455444336,0.6800000369548798,0.007999986410140991
300,3,0.0153,0.02,0.1,False,8,50,57.68066120147705,0.7026000320911407,0.007952347348926983
300,4,0.0153,0.02,0.1,False,8,50,53.12991666793823,0.7063000321388244,0.006419500318619291
300,5,0.0153,0.02,0.1,False,8,50,63.81109595298767,0.7106000423431397,0.009810196296805015
300,6,0.0153,0.02,0.1,False,8,50,74.56076264381409,0.7063000321388244,0.006116381115566271
300,5,0.001,0.02,0.1,False,8,50,117.63058161735535,0.6569000303745269,0.010309704058713566
300,5,0.005,0.02,0.1,False,8,50,72.73185396194458,0.6937000453472137,0.007403370692068578
300,5,0.01,0.02,0.1,False,8,50,66.64519023895264,0.7030000269412995,0.00969535046862627
300,5,0.0153,0.02,0.1,False,8,50,64.17366695404053,0.7075000405311584,0.010754066611866623
300,5,0.02,0.02,0.1,False,8,50,62.85006284713745,0.7024000406265258,0.010669575396172658
300,5,0.03,0.02,0.1,False,8,50,62.436049461364746,0.7136000394821167,0.008151076978203126
300,5,0.04,0.02,0.1,False,8,50,62.86088418960571,0.7101000308990478,0.008653882490532715
300,5,0.03,0.001,0.1,False,8,50,62.55585169792175,0.6964000284671783,0.00674091827081206
300,5,0.03,0.005,0.1,False,8,50,63.31124567985535,0.7027000248432159,0.008050467757744035
300,5,0.03,0.01,0.1,False,8,50,62.94574236869812,0.7080000281333924,0.007720099969735333
300,5,0.03,0.02,0.1,False,8,50,62.694100856781006,0.7121000349521637,0.006963474313051949
300,5,0.03,0.03,0.1,False,8,50,62.14966583251953,0.7087000429630279,0.012206971835405618
300,5,0.03,0.05,0.1,False,8,50,62.44642639160156,0.7039000272750855,0.013816301275356026
300,5,0.03,0.1,0.1,False,8,50,66.70928168296814,0.6985000252723694,0.0072422316334987925
300,5,0.03,0.02,0,False,8,50,62.083547592163086,0.7128000438213349,0.005688595017906794
300,5,0.03,0.02,0.5,False,8,50,81.15064144134521,0.6947000205516816,0.005967414777723086
300,5,0.03,0.02,0.1,False,8,50,62.35329270362854,0.710800039768219,0.007138625921655209
300,5,0.03,0.02,0.2,False,8,50,62.10629224777222,0.7087000370025635,0.0069433558409872816
300,5,0.03,0.02,0.3,False,8,50,63.716113328933716,0.7046000301837921,0.006590905506877332
300,5,0.03,0.02,0.4,False,8,50,65.6532256603241,0.7019000351428986,0.011742657969305527
300,5,0.03,0.02,0.5,False,8,50,82.36755847930908,0.6910000324249268,0.007536577719341355
300,5,0.03,0.02,0,False,8,50,62.516032218933105,0.7120000422000885,0.0048373626039195415
300,5,0.03,0.02,0.05,False,8,50,62.1080367565155,0.7152000308036804,0.009897468045654752
300,4,0.03,0.02,0.05,False,4,50,51.70067644119263,0.7059000313282013,0.008630757635881796
300,4,0.03,0.02,0.05,False,8,50,52.26057505607605,0.7124000310897827,0.007186093423968453
300,4,0.03,0.02,0.05,False,16,50,53.31129431724548,0.7103000342845917,0.0067089419427422805
300,5,0.03,0.02,0.05,False,4,50,62.11669158935547,0.7095000326633454,0.009058149303687544
300,5,0.03,0.02,0.05,False,8,50,62.00466442108154,0.7124000370502472,0.009361619141413535
300,5,0.03,0.02,0.05,False,16,50,64.4839448928833,0.7086000382900238,0.010919707087656948
300,5,0.03,0.02,0.05,False,8,None,959.0697937011719,0.7136000355084737,0.009544976322832481
100,5,0.05,0.02,0.05,False,8,None,110.59620428085327,0.7052000284194946,0.011998341884511111
200,4,0.03,0.02,0.05,False,8,None,177.18434834480286,0.7132000267505646,0.006128622224953153
200,4,0.03,0.02,0.2,False,8,None,177.2274878025055,0.7094000339508056,0.004983972100054106
200,4,0.03,0.02,0.4,False,8,None,176.44231367111206,0.7075000286102295,0.00794039649080097
200,4,0.03,0.05,0.05,False,8,None,176.440283536911,0.6961000442504883,0.011903361295372523
200,4,0.03,0.05,0.2,False,8,None,176.79325485229492,0.7079000234603882,0.006729785848509534
200,4,0.03,0.05,0.4,False,8,None,176.79021191596985,0.7020000398159028,0.008366595135986166
200,4,0.03,0.005,0.05,False,8,None,176.85244011878967,0.7049000322818756,0.005028907108155951
200,4,0.03,0.005,0.2,False,8,None,177.09325337409973,0.7087000429630279,0.005780137617173024
200,4,0.03,0.005,0.4,False,8,None,177.09361743927002,0.7085000336170196,0.007446471856761221
200,4,0.01,0.02,0.05,False,8,None,176.66338920593262,0.6987000346183777,0.009980477571555348
200,4,0.01,0.02,0.2,False,8,None,176.47024011611938,0.7058000266551971,0.005861736880750953
200,4,0.01,0.02,0.4,False,8,None,176.86634302139282,0.7014000296592713,0.0077356308757985616
200,4,0.01,0.05,0.05,False,8,None,176.3135962486267,0.6942000210285186,0.009672632779476553
200,4,0.01,0.05,0.2,False,8,None,176.10519123077393,0.7048000395298004,0.007730445140266546
200,4,0.01,0.05,0.4,False,8,None,176.19800901412964,0.7014000415802002,0.011253445854595909
200,4,0.01,0.005,0.05,False,8,None,175.92761182785034,0.6947000324726105,0.007963032760061264
200,4,0.01,0.005,0.2,False,8,None,176.40114402770996,0.6991000354290009,0.004299996481419838
200,4,0.01,0.005,0.4,False,8,None,176.19284868240356,0.7048000276088715,0.010166610346381338
200,4,0.05,0.02,0.05,False,8,None,176.0780131816864,0.7078000247478485,0.011660179438845139
200,4,0.05,0.02,0.2,False,8,None,176.33003687858582,0.7079000234603882,0.010700002786163376
200,4,0.05,0.02,0.4,False,8,None,175.99653673171997,0.6970000326633453,0.020114674837401997
200,4,0.05,0.05,0.05,False,8,None,176.0547215938568,0.709000027179718,0.010714476206598383
200,4,0.05,0.05,0.2,False,8,None,176.39519548416138,0.7007000327110291,0.01257019641281183
200,4,0.05,0.05,0.4,False,8,None,176.17681050300598,0.6989000320434571,0.010270843886770038
200,4,0.05,0.005,0.05,False,8,None,176.25556898117065,0.7033000409603118,0.01357241221013055
200,4,0.05,0.005,0.2,False,8,None,176.43528962135315,0.7070000469684601,0.010217622191944449
200,4,0.05,0.005,0.4,False,8,None,176.49861693382263,0.6959000289440155,0.015539939767700347
200,4,0.07,0.02,0.05,False,8,None,176.14780831336975,0.7035000383853912,0.010556979889208222
200,4,0.07,0.02,0.2,False,8,None,177.20195508003235,0.7071000218391419,0.010202453061197323
200,4,0.07,0.02,0.4,False,8,None,176.80345368385315,0.7003000438213348,0.008672373730324529
200,4,0.07,0.05,0.05,False,8,None,176.1171431541443,0.6925000369548797,0.014172162597508484
200,4,0.07,0.05,0.2,False,8,None,176.14555072784424,0.6972000241279602,0.015555057110539377
200,4,0.07,0.05,0.4,False,8,None,176.3137149810791,0.6962000370025635,0.009064222939723303
200,4,0.07,0.005,0.05,False,8,None,176.68048667907715,0.6891000270843506,0.01338246137971
200,4,0.07,0.005,0.2,False,8,None,176.29251074790955,0.6943000316619873,0.016444150582712952
200,4,0.07,0.005,0.4,False,8,None,176.51232933998108,0.6989000320434571,0.014556446711919784
200,5,0.03,0.02,0.05,False,8,None,215.13247394561768,0.7128000378608703,0.009547770423679587
200,5,0.03,0.02,0.2,False,8,None,215.06072068214417,0.7087000370025635,0.0069433558409872816
200,5,0.03,0.02,0.4,False,8,None,215.18410801887512,0.7047000408172608,0.011216505136985666
200,5,0.03,0.05,0.05,False,8,None,214.90154671669006,0.6992000222206116,0.009785700421888248
200,5,0.03,0.05,0.2,False,8,None,215.5572805404663,0.7007000267505645,0.008614532382068442
200,6,0.015,0.02,0.1,False,8,30,887.2914917469025,0.7002999961376191,0.012017074897916919
200,5,0.03,0.02,0.05,False,8,30,3598.4714934825897,0.7048199987411499,0.008961452326210624
